source,json_pointer,id,target,resolution
death_sequences/cruiser0.death_sequence_group,/death_sequences/0,cruiser_001,death_sequences/cruiser_001.death_sequence,exact_stem
death_sequences/cruiser_001.death_sequence,/events/0/particle_effects/0,strikecraft_radialexplosion_revamp,effects/strikecraft_radialexplosion_revamp.particle_effect,exact_stem
death_sequences/cruiser_001.death_sequence,/events/0/sounds/0,radialexplosion_strikecraft_01_large,sounds/RadialExplosion_StrikeCraft_01_Large.sound,casefold_stem
death_sequences/cruiser_001.death_sequence,/events/0/sounds/1,radialexplosion_strikecraft_02_large,sounds/RadialExplosion_StrikeCraft_02_Large.sound,casefold_stem
death_sequences/cruiser_001.death_sequence,/events/0/sounds/2,radialexplosion_strikecraft_03_large,sounds/RadialExplosion_StrikeCraft_03_Large.sound,casefold_stem
death_sequences/cruiser_001.death_sequence,/events/1/particle_effects/0,strikecraft_radialexplosion_revamp,effects/strikecraft_radialexplosion_revamp.particle_effect,exact_stem
death_sequences/cruiser_001.death_sequence,/events/1/sounds/0,radialexplosion_strikecraft_01_large,sounds/RadialExplosion_StrikeCraft_01_Large.sound,casefold_stem
death_sequences/cruiser_001.death_sequence,/events/1/sounds/1,radialexplosion_strikecraft_02_large,sounds/RadialExplosion_StrikeCraft_02_Large.sound,casefold_stem
death_sequences/cruiser_001.death_sequence,/events/1/sounds/2,radialexplosion_strikecraft_03_large,sounds/RadialExplosion_StrikeCraft_03_Large.sound,casefold_stem
death_sequences/cruiser_001.death_sequence,/events/10/particle_effects/0,corvette_radialexplosion_revamp,effects/corvette_radialexplosion_revamp.particle_effect,exact_stem
death_sequences/cruiser_001.death_sequence,/events/10/sounds/0,radialexplosion_corvette_01_large,sounds/RadialExplosion_Corvette_01_Large.sound,casefold_stem
death_sequences/cruiser_001.death_sequence,/events/10/sounds/1,radialexplosion_corvette_02_large,sounds/RadialExplosion_Corvette_02_Large.sound,casefold_stem
death_sequences/cruiser_001.death_sequence,/events/10/sounds/2,radialexplosion_corvette_03_large,sounds/RadialExplosion_Corvette_03_Large.sound,casefold_stem
death_sequences/cruiser_001.death_sequence,/events/11/particle_effects/0,strikecraft_radialexplosion_revamp,effects/strikecraft_radialexplosion_revamp.particle_effect,exact_stem
death_sequences/cruiser_001.death_sequence,/events/11/sounds/0,radialexplosion_strikecraft_01_large,sounds/RadialExplosion_StrikeCraft_01_Large.sound,casefold_stem
death_sequences/cruiser_001.death_sequence,/events/11/sounds/1,radialexplosion_strikecraft_02_large,sounds/RadialExplosion_StrikeCraft_02_Large.sound,casefold_stem
death_sequences/cruiser_001.death_sequence,/events/11/sounds/2,radialexplosion_strikecraft_03_large,sounds/RadialExplosion_StrikeCraft_03_Large.sound,casefold_stem
death_sequences/cruiser_001.death_sequence,/events/12/particle_effects/0,corvette_radialexplosion_revamp,effects/corvette_radialexplosion_revamp.particle_effect,exact_stem
death_sequences/cruiser_001.death_sequence,/events/12/sounds/0,radialexplosion_corvette_01_large,sounds/RadialExplosion_Corvette_01_Large.sound,casefold_stem
death_sequences/cruiser_001.death_sequence,/events/12/sounds/1,radialexplosion_corvette_02_large,sounds/RadialExplosion_Corvette_02_Large.sound,casefold_stem
death_sequences/cruiser_001.death_sequence,/events/12/sounds/2,radialexplosion_corvette_03_large,sounds/RadialExplosion_Corvette_03_Large.sound,casefold_stem
death_sequences/cruiser_001.death_sequence,/events/13/particle_effects/0,strikecraft_radialexplosion_revamp,effects/strikecraft_radialexplosion_revamp.particle_effect,exact_stem
death_sequences/cruiser_001.death_sequence,/events/13/sounds/0,radialexplosion_strikecraft_01_large,sounds/RadialExplosion_StrikeCraft_01_Large.sound,casefold_stem
death_sequences/cruiser_001.death_sequence,/events/13/sounds/1,radialexplosion_strikecraft_02_large,sounds/RadialExplosion_StrikeCraft_02_Large.sound,casefold_stem
death_sequences/cruiser_001.death_sequence,/events/13/sounds/2,radialexplosion_strikecraft_03_large,sounds/RadialExplosion_StrikeCraft_03_Large.sound,casefold_stem
death_sequences/cruiser_001.death_sequence,/events/14/particle_effects/0,strikecraft_radialexplosion_revamp,effects/strikecraft_radialexplosion_revamp.particle_effect,exact_stem
death_sequences/cruiser_001.death_sequence,/events/14/sounds/0,radialexplosion_strikecraft_01_large,sounds/RadialExplosion_StrikeCraft_01_Large.sound,casefold_stem
death_sequences/cruiser_001.death_sequence,/events/14/sounds/1,radialexplosion_strikecraft_02_large,sounds/RadialExplosion_StrikeCraft_02_Large.sound,casefold_stem
death_sequences/cruiser_001.death_sequence,/events/14/sounds/2,radialexplosion_strikecraft_03_large,sounds/RadialExplosion_StrikeCraft_03_Large.sound,casefold_stem
death_sequences/cruiser_001.death_sequence,/events/15/particle_effects/0,cruiser_radialexplosion_revamp,effects/cruiser_radialexplosion_revamp.particle_effect,exact_stem
death_sequences/cruiser_001.death_sequence,/events/15/sounds/0,radialexplosion_cruiser_01_large,sounds/RADIALEXPLOSION_CRUISER_01_LARGE.sound,casefold_stem
death_sequences/cruiser_001.death_sequence,/events/15/sounds/1,radialexplosion_cruiser_02_large,sounds/RADIALEXPLOSION_CRUISER_02_LARGE.sound,casefold_stem
death_sequences/cruiser_001.death_sequence,/events/15/sounds/2,radialexplosion_cruiser_03_large,sounds/RADIALEXPLOSION_CRUISER_03_LARGE.sound,casefold_stem
death_sequences/cruiser_001.death_sequence,/events/2/particle_effects/0,strikecraft_radialexplosion_revamp,effects/strikecraft_radialexplosion_revamp.particle_effect,exact_stem
death_sequences/cruiser_001.death_sequence,/events/2/sounds/0,radialexplosion_strikecraft_01_large,sounds/RadialExplosion_StrikeCraft_01_Large.sound,casefold_stem
death_sequences/cruiser_001.death_sequence,/events/2/sounds/1,radialexplosion_strikecraft_02_large,sounds/RadialExplosion_StrikeCraft_02_Large.sound,casefold_stem
death_sequences/cruiser_001.death_sequence,/events/2/sounds/2,radialexplosion_strikecraft_03_large,sounds/RadialExplosion_StrikeCraft_03_Large.sound,casefold_stem
death_sequences/cruiser_001.death_sequence,/events/3/particle_effects/0,strikecraft_radialexplosion_revamp,effects/strikecraft_radialexplosion_revamp.particle_effect,exact_stem
death_sequences/cruiser_001.death_sequence,/events/3/sounds/0,radialexplosion_strikecraft_01_large,sounds/RadialExplosion_StrikeCraft_01_Large.sound,casefold_stem
death_sequences/cruiser_001.death_sequence,/events/3/sounds/1,radialexplosion_strikecraft_02_large,sounds/RadialExplosion_StrikeCraft_02_Large.sound,casefold_stem
death_sequences/cruiser_001.death_sequence,/events/3/sounds/2,radialexplosion_strikecraft_03_large,sounds/RadialExplosion_StrikeCraft_03_Large.sound,casefold_stem
death_sequences/cruiser_001.death_sequence,/events/4/particle_effects/0,strikecraft_radialexplosion_revamp,effects/strikecraft_radialexplosion_revamp.particle_effect,exact_stem
death_sequences/cruiser_001.death_sequence,/events/4/sounds/0,radialexplosion_strikecraft_01_large,sounds/RadialExplosion_StrikeCraft_01_Large.sound,casefold_stem
death_sequences/cruiser_001.death_sequence,/events/4/sounds/1,radialexplosion_strikecraft_02_large,sounds/RadialExplosion_StrikeCraft_02_Large.sound,casefold_stem
death_sequences/cruiser_001.death_sequence,/events/4/sounds/2,radialexplosion_strikecraft_03_large,sounds/RadialExplosion_StrikeCraft_03_Large.sound,casefold_stem
death_sequences/cruiser_001.death_sequence,/events/5/particle_effects/0,strikecraft_radialexplosion_revamp,effects/strikecraft_radialexplosion_revamp.particle_effect,exact_stem
death_sequences/cruiser_001.death_sequence,/events/5/sounds/0,radialexplosion_strikecraft_01_large,sounds/RadialExplosion_StrikeCraft_01_Large.sound,casefold_stem
death_sequences/cruiser_001.death_sequence,/events/5/sounds/1,radialexplosion_strikecraft_02_large,sounds/RadialExplosion_StrikeCraft_02_Large.sound,casefold_stem
death_sequences/cruiser_001.death_sequence,/events/5/sounds/2,radialexplosion_strikecraft_03_large,sounds/RadialExplosion_StrikeCraft_03_Large.sound,casefold_stem
death_sequences/cruiser_001.death_sequence,/events/6/particle_effects/0,corvette_radialexplosion_revamp,effects/corvette_radialexplosion_revamp.particle_effect,exact_stem
death_sequences/cruiser_001.death_sequence,/events/6/sounds/0,radialexplosion_corvette_01_large,sounds/RadialExplosion_Corvette_01_Large.sound,casefold_stem
death_sequences/cruiser_001.death_sequence,/events/6/sounds/1,radialexplosion_corvette_02_large,sounds/RadialExplosion_Corvette_02_Large.sound,casefold_stem
death_sequences/cruiser_001.death_sequence,/events/6/sounds/2,radialexplosion_corvette_03_large,sounds/RadialExplosion_Corvette_03_Large.sound,casefold_stem
death_sequences/cruiser_001.death_sequence,/events/7/particle_effects/0,strikecraft_radialexplosion_revamp,effects/strikecraft_radialexplosion_revamp.particle_effect,exact_stem
death_sequences/cruiser_001.death_sequence,/events/7/sounds/0,radialexplosion_strikecraft_01_large,sounds/RadialExplosion_StrikeCraft_01_Large.sound,casefold_stem
death_sequences/cruiser_001.death_sequence,/events/7/sounds/1,radialexplosion_strikecraft_02_large,sounds/RadialExplosion_StrikeCraft_02_Large.sound,casefold_stem
death_sequences/cruiser_001.death_sequence,/events/7/sounds/2,radialexplosion_strikecraft_03_large,sounds/RadialExplosion_StrikeCraft_03_Large.sound,casefold_stem
death_sequences/cruiser_001.death_sequence,/events/8/particle_effects/0,tech_medium_radialexplosion_revamp,effects/tech_medium_radialexplosion_revamp.particle_effect,exact_stem
death_sequences/cruiser_001.death_sequence,/events/8/sounds/0,radialexplosion_techmedium_01,sounds/RadialExplosion_TechMedium_01.sound,casefold_stem
death_sequences/cruiser_001.death_sequence,/events/8/sounds/1,radialexplosion_techmedium_02,sounds/RadialExplosion_TechMedium_02.sound,casefold_stem
death_sequences/cruiser_001.death_sequence,/events/8/sounds/2,radialexplosion_techmedium_03,sounds/RadialExplosion_TechMedium_03.sound,casefold_stem
death_sequences/cruiser_001.death_sequence,/events/9/particle_effects/0,strikecraft_radialexplosion_revamp,effects/strikecraft_radialexplosion_revamp.particle_effect,exact_stem
death_sequences/cruiser_001.death_sequence,/events/9/sounds/0,radialexplosion_strikecraft_01_large,sounds/RadialExplosion_StrikeCraft_01_Large.sound,casefold_stem
death_sequences/cruiser_001.death_sequence,/events/9/sounds/1,radialexplosion_strikecraft_02_large,sounds/RadialExplosion_StrikeCraft_02_Large.sound,casefold_stem
death_sequences/cruiser_001.death_sequence,/events/9/sounds/2,radialexplosion_strikecraft_03_large,sounds/RadialExplosion_StrikeCraft_03_Large.sound,casefold_stem
death_sequences/frigate0.death_sequence_group,/death_sequences/0,frigate_001,death_sequences/frigate_001.death_sequence,exact_stem
death_sequences/frigate_001.death_sequence,/events/0/particle_effects/0,strikecraft_radialexplosion_revamp,effects/strikecraft_radialexplosion_revamp.particle_effect,exact_stem
death_sequences/frigate_001.death_sequence,/events/0/sounds/0,radialexplosion_strikecraft_01_medium,sounds/RADIALEXPLOSION_STRIKECRAFT_01_MEDIUM.sound,casefold_stem
death_sequences/frigate_001.death_sequence,/events/0/sounds/1,radialexplosion_strikecraft_02_medium,sounds/RADIALEXPLOSION_STRIKECRAFT_02_MEDIUM.sound,casefold_stem
death_sequences/frigate_001.death_sequence,/events/0/sounds/2,radialexplosion_strikecraft_03_medium,sounds/RADIALEXPLOSION_STRIKECRAFT_03_MEDIUM.sound,casefold_stem
death_sequences/frigate_001.death_sequence,/events/1/particle_effects/0,strikecraft_radialexplosion_revamp,effects/strikecraft_radialexplosion_revamp.particle_effect,exact_stem
death_sequences/frigate_001.death_sequence,/events/1/sounds/0,radialexplosion_strikecraft_01_medium,sounds/RADIALEXPLOSION_STRIKECRAFT_01_MEDIUM.sound,casefold_stem
death_sequences/frigate_001.death_sequence,/events/1/sounds/1,radialexplosion_strikecraft_02_medium,sounds/RADIALEXPLOSION_STRIKECRAFT_02_MEDIUM.sound,casefold_stem
death_sequences/frigate_001.death_sequence,/events/1/sounds/2,radialexplosion_strikecraft_03_medium,sounds/RADIALEXPLOSION_STRIKECRAFT_03_MEDIUM.sound,casefold_stem
death_sequences/frigate_001.death_sequence,/events/10/particle_effects/0,strikecraft_radialexplosion_revamp,effects/strikecraft_radialexplosion_revamp.particle_effect,exact_stem
death_sequences/frigate_001.death_sequence,/events/10/sounds/0,radialexplosion_strikecraft_01_medium,sounds/RADIALEXPLOSION_STRIKECRAFT_01_MEDIUM.sound,casefold_stem
death_sequences/frigate_001.death_sequence,/events/10/sounds/1,radialexplosion_strikecraft_02_medium,sounds/RADIALEXPLOSION_STRIKECRAFT_02_MEDIUM.sound,casefold_stem
death_sequences/frigate_001.death_sequence,/events/10/sounds/2,radialexplosion_strikecraft_03_medium,sounds/RADIALEXPLOSION_STRIKECRAFT_03_MEDIUM.sound,casefold_stem
death_sequences/frigate_001.death_sequence,/events/11/particle_effects/0,strikecraft_radialexplosion_revamp,effects/strikecraft_radialexplosion_revamp.particle_effect,exact_stem
death_sequences/frigate_001.death_sequence,/events/11/sounds/0,radialexplosion_strikecraft_01_medium,sounds/RADIALEXPLOSION_STRIKECRAFT_01_MEDIUM.sound,casefold_stem
death_sequences/frigate_001.death_sequence,/events/11/sounds/1,radialexplosion_strikecraft_02_medium,sounds/RADIALEXPLOSION_STRIKECRAFT_02_MEDIUM.sound,casefold_stem
death_sequences/frigate_001.death_sequence,/events/11/sounds/2,radialexplosion_strikecraft_03_medium,sounds/RADIALEXPLOSION_STRIKECRAFT_03_MEDIUM.sound,casefold_stem
death_sequences/frigate_001.death_sequence,/events/12/particle_effects/0,corvette_radialexplosion_revamp,effects/corvette_radialexplosion_revamp.particle_effect,exact_stem
death_sequences/frigate_001.death_sequence,/events/12/sounds/0,radialexplosion_corvette_01_medium,sounds/RADIALEXPLOSION_CORVETTE_01_MEDIUM.sound,casefold_stem
death_sequences/frigate_001.death_sequence,/events/12/sounds/1,radialexplosion_corvette_02_medium,sounds/RADIALEXPLOSION_CORVETTE_02_MEDIUM.sound,casefold_stem
death_sequences/frigate_001.death_sequence,/events/12/sounds/2,radialexplosion_corvette_03_medium,sounds/RADIALEXPLOSION_CORVETTE_03_MEDIUM.sound,casefold_stem
death_sequences/frigate_001.death_sequence,/events/13/particle_effects/0,strikecraft_radialexplosion_revamp,effects/strikecraft_radialexplosion_revamp.particle_effect,exact_stem
death_sequences/frigate_001.death_sequence,/events/13/sounds/0,radialexplosion_strikecraft_01_medium,sounds/RADIALEXPLOSION_STRIKECRAFT_01_MEDIUM.sound,casefold_stem
death_sequences/frigate_001.death_sequence,/events/13/sounds/1,radialexplosion_strikecraft_02_medium,sounds/RADIALEXPLOSION_STRIKECRAFT_02_MEDIUM.sound,casefold_stem
death_sequences/frigate_001.death_sequence,/events/13/sounds/2,radialexplosion_strikecraft_03_medium,sounds/RADIALEXPLOSION_STRIKECRAFT_03_MEDIUM.sound,casefold_stem
death_sequences/frigate_001.death_sequence,/events/14/particle_effects/0,frigate_radialexplosion_revamp,effects/frigate_radialexplosion_revamp.particle_effect,exact_stem
death_sequences/frigate_001.death_sequence,/events/14/sounds/0,radialexplosion_frigate_01_large,sounds/RADIALEXPLOSION_FRIGATE_01_LARGE.sound,casefold_stem
death_sequences/frigate_001.death_sequence,/events/14/sounds/1,radialexplosion_frigate_02_large,sounds/RADIALEXPLOSION_FRIGATE_02_LARGE.sound,casefold_stem
death_sequences/frigate_001.death_sequence,/events/14/sounds/2,radialexplosion_frigate_03_large,sounds/RADIALEXPLOSION_FRIGATE_03_LARGE.sound,casefold_stem
death_sequences/frigate_001.death_sequence,/events/2/particle_effects/0,strikecraft_radialexplosion_revamp,effects/strikecraft_radialexplosion_revamp.particle_effect,exact_stem
death_sequences/frigate_001.death_sequence,/events/2/sounds/0,radialexplosion_strikecraft_01_medium,sounds/RADIALEXPLOSION_STRIKECRAFT_01_MEDIUM.sound,casefold_stem
death_sequences/frigate_001.death_sequence,/events/2/sounds/1,radialexplosion_strikecraft_02_medium,sounds/RADIALEXPLOSION_STRIKECRAFT_02_MEDIUM.sound,casefold_stem
death_sequences/frigate_001.death_sequence,/events/2/sounds/2,radialexplosion_strikecraft_03_medium,sounds/RADIALEXPLOSION_STRIKECRAFT_03_MEDIUM.sound,casefold_stem
death_sequences/frigate_001.death_sequence,/events/3/particle_effects/0,strikecraft_radialexplosion_revamp,effects/strikecraft_radialexplosion_revamp.particle_effect,exact_stem
death_sequences/frigate_001.death_sequence,/events/3/sounds/0,radialexplosion_strikecraft_01_medium,sounds/RADIALEXPLOSION_STRIKECRAFT_01_MEDIUM.sound,casefold_stem
death_sequences/frigate_001.death_sequence,/events/3/sounds/1,radialexplosion_strikecraft_02_medium,sounds/RADIALEXPLOSION_STRIKECRAFT_02_MEDIUM.sound,casefold_stem
death_sequences/frigate_001.death_sequence,/events/3/sounds/2,radialexplosion_strikecraft_03_medium,sounds/RADIALEXPLOSION_STRIKECRAFT_03_MEDIUM.sound,casefold_stem
death_sequences/frigate_001.death_sequence,/events/4/particle_effects/0,corvette_radialexplosion_revamp,effects/corvette_radialexplosion_revamp.particle_effect,exact_stem
death_sequences/frigate_001.death_sequence,/events/4/sounds/0,radialexplosion_corvette_01_medium,sounds/RADIALEXPLOSION_CORVETTE_01_MEDIUM.sound,casefold_stem
death_sequences/frigate_001.death_sequence,/events/4/sounds/1,radialexplosion_corvette_02_medium,sounds/RADIALEXPLOSION_CORVETTE_02_MEDIUM.sound,casefold_stem
death_sequences/frigate_001.death_sequence,/events/4/sounds/2,radialexplosion_corvette_03_medium,sounds/RADIALEXPLOSION_CORVETTE_03_MEDIUM.sound,casefold_stem
death_sequences/frigate_001.death_sequence,/events/5/particle_effects/0,strikecraft_radialexplosion_revamp,effects/strikecraft_radialexplosion_revamp.particle_effect,exact_stem
death_sequences/frigate_001.death_sequence,/events/5/sounds/0,radialexplosion_strikecraft_01_medium,sounds/RADIALEXPLOSION_STRIKECRAFT_01_MEDIUM.sound,casefold_stem
death_sequences/frigate_001.death_sequence,/events/5/sounds/1,radialexplosion_strikecraft_02_medium,sounds/RADIALEXPLOSION_STRIKECRAFT_02_MEDIUM.sound,casefold_stem
death_sequences/frigate_001.death_sequence,/events/5/sounds/2,radialexplosion_strikecraft_03_medium,sounds/RADIALEXPLOSION_STRIKECRAFT_03_MEDIUM.sound,casefold_stem
death_sequences/frigate_001.death_sequence,/events/6/particle_effects/0,strikecraft_radialexplosion_revamp,effects/strikecraft_radialexplosion_revamp.particle_effect,exact_stem
death_sequences/frigate_001.death_sequence,/events/6/sounds/0,radialexplosion_strikecraft_01_medium,sounds/RADIALEXPLOSION_STRIKECRAFT_01_MEDIUM.sound,casefold_stem
death_sequences/frigate_001.death_sequence,/events/6/sounds/1,radialexplosion_strikecraft_02_medium,sounds/RADIALEXPLOSION_STRIKECRAFT_02_MEDIUM.sound,casefold_stem
death_sequences/frigate_001.death_sequence,/events/6/sounds/2,radialexplosion_strikecraft_03_medium,sounds/RADIALEXPLOSION_STRIKECRAFT_03_MEDIUM.sound,casefold_stem
death_sequences/frigate_001.death_sequence,/events/7/particle_effects/0,strikecraft_radialexplosion_revamp,effects/strikecraft_radialexplosion_revamp.particle_effect,exact_stem
death_sequences/frigate_001.death_sequence,/events/7/sounds/0,radialexplosion_strikecraft_01_medium,sounds/RADIALEXPLOSION_STRIKECRAFT_01_MEDIUM.sound,casefold_stem
death_sequences/frigate_001.death_sequence,/events/7/sounds/1,radialexplosion_strikecraft_02_medium,sounds/RADIALEXPLOSION_STRIKECRAFT_02_MEDIUM.sound,casefold_stem
death_sequences/frigate_001.death_sequence,/events/7/sounds/2,radialexplosion_strikecraft_03_medium,sounds/RADIALEXPLOSION_STRIKECRAFT_03_MEDIUM.sound,casefold_stem
death_sequences/frigate_001.death_sequence,/events/8/particle_effects/0,strikecraft_radialexplosion_revamp,effects/strikecraft_radialexplosion_revamp.particle_effect,exact_stem
death_sequences/frigate_001.death_sequence,/events/8/sounds/0,radialexplosion_strikecraft_01_medium,sounds/RADIALEXPLOSION_STRIKECRAFT_01_MEDIUM.sound,casefold_stem
death_sequences/frigate_001.death_sequence,/events/8/sounds/1,radialexplosion_strikecraft_02_medium,sounds/RADIALEXPLOSION_STRIKECRAFT_02_MEDIUM.sound,casefold_stem
death_sequences/frigate_001.death_sequence,/events/8/sounds/2,radialexplosion_strikecraft_03_medium,sounds/RADIALEXPLOSION_STRIKECRAFT_03_MEDIUM.sound,casefold_stem
death_sequences/frigate_001.death_sequence,/events/9/particle_effects/0,strikecraft_radialexplosion_revamp,effects/strikecraft_radialexplosion_revamp.particle_effect,exact_stem
death_sequences/frigate_001.death_sequence,/events/9/sounds/0,radialexplosion_strikecraft_01_medium,sounds/RADIALEXPLOSION_STRIKECRAFT_01_MEDIUM.sound,casefold_stem
death_sequences/frigate_001.death_sequence,/events/9/sounds/1,radialexplosion_strikecraft_02_medium,sounds/RADIALEXPLOSION_STRIKECRAFT_02_MEDIUM.sound,casefold_stem
death_sequences/frigate_001.death_sequence,/events/9/sounds/2,radialexplosion_strikecraft_03_medium,sounds/RADIALEXPLOSION_STRIKECRAFT_03_MEDIUM.sound,casefold_stem
death_sequences/torpedo0.death_sequence_group,/death_sequences/0,torpedo0_0,death_sequences/torpedo0_0.death_sequence,exact_stem
death_sequences/torpedo0_0.death_sequence,/events/0/particle_effects/0,trader_torpedo_cruiser_impact,effects/trader_torpedo_cruiser_impact.particle_effect,exact_stem
death_sequences/torpedo0_0.death_sequence,/events/0/sounds/0,explosion_supportshipdeath,sounds/EXPLOSION_SUPPORTSHIPDEATH.sound,casefold_stem
death_sequences/torpedo0_0.death_sequence,/events/0/sounds/1,explosion_supportshipdeath_alt1,sounds/EXPLOSION_SUPPORTSHIPDEATH_ALT1.sound,casefold_stem
death_sequences/torpedo0_0.death_sequence,/events/0/sounds/2,explosion_supportshipdeath_alt2,sounds/EXPLOSION_SUPPORTSHIPDEATH_ALT2.sound,casefold_stem
effects/Hyperspace_Tech_Frigate_ChargeUp.particle_effect,/emitters/0/particle/billboard/texture_0,t_phasespace_opening_01,textures/t_phasespace_opening_01.dds,exact_stem
effects/Hyperspace_Tech_Frigate_ChargeUp.particle_effect,/emitters/1/particle/billboard/texture_0,t_phasespace_opening_02,textures/t_phasespace_opening_02.dds,exact_stem
effects/Hyperspace_Tech_Frigate_ChargeUp.particle_effect,/emitters/10/particle/billboard/texture_0,t_lens_flare_2,textures/t_lens_flare_2.dds,exact_stem
effects/Hyperspace_Tech_Frigate_ChargeUp.particle_effect,/emitters/11/particle/billboard/texture_0,t_phasespace_opening_01,textures/t_phasespace_opening_01.dds,exact_stem
effects/Hyperspace_Tech_Frigate_ChargeUp.particle_effect,/emitters/12/particle/billboard/texture_0,t_phasespace_opening_02,textures/t_phasespace_opening_02.dds,exact_stem
effects/Hyperspace_Tech_Frigate_ChargeUp.particle_effect,/emitters/13/particle/billboard/texture_0,t_shockwave_05,textures/t_shockwave_05.dds,exact_stem
effects/Hyperspace_Tech_Frigate_ChargeUp.particle_effect,/emitters/15/particle/billboard/texture_0,t_phasespace_opening_small_02,textures/t_phasespace_opening_small_02.dds,exact_stem
effects/Hyperspace_Tech_Frigate_ChargeUp.particle_effect,/emitters/2/particle/billboard/texture_0,t_phasespace_opening_03,textures/t_phasespace_opening_03.dds,exact_stem
effects/Hyperspace_Tech_Frigate_ChargeUp.particle_effect,/emitters/3/particle/billboard/texture_0,t_phasespace_opening_small_01,textures/t_phasespace_opening_small_01.dds,exact_stem
effects/Hyperspace_Tech_Frigate_ChargeUp.particle_effect,/emitters/4/particle/billboard/texture_0,t_lens_flare_3,textures/t_lens_flare_3.dds,exact_stem
effects/Hyperspace_Tech_Frigate_ChargeUp.particle_effect,/emitters/5/particle/billboard/texture_animation,exhaust_simplelines_01,texture_animations/exhaust_simplelines_01.texture_animation,exact_stem
effects/Hyperspace_Tech_Frigate_ChargeUp.particle_effect,/emitters/7/particle/billboard/texture_0,t_phasespace_streaks_01,textures/t_phasespace_streaks_01.dds,exact_stem
effects/Hyperspace_Tech_Frigate_ChargeUp.particle_effect,/emitters/8/particle/billboard/texture_0,t_phasespace_opening_small_01,textures/t_phasespace_opening_small_01.dds,exact_stem
effects/Hyperspace_Tech_Frigate_ChargeUp_Interstellar.particle_effect,/emitters/0/particle/billboard/texture_0,sparkles_clr,textures/sparkles_clr.dds,exact_stem
effects/Hyperspace_Tech_Frigate_ChargeUp_Interstellar.particle_effect,/emitters/1/particle/billboard/texture_0,kay_lightningsphere_clr,textures/Kay_lightningsphere_clr.dds,casefold_stem
effects/Hyperspace_Tech_Frigate_ChargeUp_Interstellar.particle_effect,/emitters/10/particle/billboard/texture_0,kay_lightningsphere_clr,textures/Kay_lightningsphere_clr.dds,casefold_stem
effects/Hyperspace_Tech_Frigate_ChargeUp_Interstellar.particle_effect,/emitters/11/particle/billboard/texture_0,kay_lightningsphere2_clr,textures/Kay_lightningsphere2_clr.dds,casefold_stem
effects/Hyperspace_Tech_Frigate_ChargeUp_Interstellar.particle_effect,/emitters/12/particle/billboard/texture_0,kay_lightningsphere_clr,textures/Kay_lightningsphere_clr.dds,casefold_stem
effects/Hyperspace_Tech_Frigate_ChargeUp_Interstellar.particle_effect,/emitters/2/particle/billboard/texture_0,firecraigelectrical_clr,textures/firecraigelectrical_clr.dds,exact_stem
effects/Hyperspace_Tech_Frigate_ChargeUp_Interstellar.particle_effect,/emitters/3/particle/billboard/texture_0,firecraigelectrical_clr,textures/firecraigelectrical_clr.dds,exact_stem
effects/Hyperspace_Tech_Frigate_ChargeUp_Interstellar.particle_effect,/emitters/4/particle/billboard/texture_0,kay_ionshockwave_clr,textures/kay_ionshockwave_clr.dds,exact_stem
effects/Hyperspace_Tech_Frigate_ChargeUp_Interstellar.particle_effect,/emitters/5/particle/billboard/texture_0,kay_smoothring_clr,textures/kay_smoothring_clr.dds,exact_stem
effects/Hyperspace_Tech_Frigate_ChargeUp_Interstellar.particle_effect,/emitters/6/particle/billboard/texture_0,telekineticpush_bg_clr,textures/telekineticpush_bg_clr.dds,exact_stem
effects/Hyperspace_Tech_Frigate_ChargeUp_Interstellar.particle_effect,/emitters/7/particle/billboard/texture_0,firecraigelectrical_clr,textures/firecraigelectrical_clr.dds,exact_stem
effects/Hyperspace_Tech_Frigate_ChargeUp_Interstellar.particle_effect,/emitters/8/particle/billboard/texture_0,zap_clr,textures/zap_clr.dds,exact_stem
effects/Hyperspace_Tech_Frigate_ChargeUp_Interstellar.particle_effect,/emitters/9/particle/billboard/texture_0,phasegate_clr,textures/phasegate_clr.dds,exact_stem
effects/Hyperspace_Tech_Frigate_ChargeUp_Unstable.particle_effect,/emitters/0/particle/billboard/texture_0,sparkles_clr,textures/sparkles_clr.dds,exact_stem
effects/Hyperspace_Tech_Frigate_ChargeUp_Unstable.particle_effect,/emitters/1/particle/billboard/texture_0,kay_lightningsphere_clr,textures/Kay_lightningsphere_clr.dds,casefold_stem
effects/Hyperspace_Tech_Frigate_ChargeUp_Unstable.particle_effect,/emitters/10/particle/billboard/texture_0,kay_lightningsphere_clr,textures/Kay_lightningsphere_clr.dds,casefold_stem
effects/Hyperspace_Tech_Frigate_ChargeUp_Unstable.particle_effect,/emitters/11/particle/billboard/texture_0,kay_lightningsphere2_clr,textures/Kay_lightningsphere2_clr.dds,casefold_stem
effects/Hyperspace_Tech_Frigate_ChargeUp_Unstable.particle_effect,/emitters/12/particle/billboard/texture_0,kay_lightningsphere_clr,textures/Kay_lightningsphere_clr.dds,casefold_stem
effects/Hyperspace_Tech_Frigate_ChargeUp_Unstable.particle_effect,/emitters/2/particle/billboard/texture_0,firecraigelectrical_clr,textures/firecraigelectrical_clr.dds,exact_stem
effects/Hyperspace_Tech_Frigate_ChargeUp_Unstable.particle_effect,/emitters/3/particle/billboard/texture_0,firecraigelectrical_clr,textures/firecraigelectrical_clr.dds,exact_stem
effects/Hyperspace_Tech_Frigate_ChargeUp_Unstable.particle_effect,/emitters/4/particle/billboard/texture_0,kay_ionshockwave_clr,textures/kay_ionshockwave_clr.dds,exact_stem
effects/Hyperspace_Tech_Frigate_ChargeUp_Unstable.particle_effect,/emitters/5/particle/billboard/texture_0,kay_smoothring_clr,textures/kay_smoothring_clr.dds,exact_stem
effects/Hyperspace_Tech_Frigate_ChargeUp_Unstable.particle_effect,/emitters/6/particle/billboard/texture_0,telekineticpush_bg_clr,textures/telekineticpush_bg_clr.dds,exact_stem
effects/Hyperspace_Tech_Frigate_ChargeUp_Unstable.particle_effect,/emitters/7/particle/billboard/texture_0,firecraigelectrical_clr,textures/firecraigelectrical_clr.dds,exact_stem
effects/Hyperspace_Tech_Frigate_ChargeUp_Unstable.particle_effect,/emitters/8/particle/billboard/texture_0,zap_clr,textures/zap_clr.dds,exact_stem
effects/Hyperspace_Tech_Frigate_ChargeUp_Unstable.particle_effect,/emitters/9/particle/billboard/texture_0,phasegate_clr,textures/phasegate_clr.dds,exact_stem
effects/Hyperspace_Tech_Frigate_Exit.particle_effect,/emitters/0/particle/billboard/texture_0,t_phasespace_opening_small_01,textures/t_phasespace_opening_small_01.dds,exact_stem
effects/Hyperspace_Tech_Frigate_Exit.particle_effect,/emitters/1/particle/billboard/texture_0,t_soft_glow_04,textures/t_soft_glow_04.dds,exact_stem
effects/Hyperspace_Tech_Frigate_Exit.particle_effect,/emitters/2/particle/billboard/texture_0,t_phasespace_streaks_02,textures/t_phasespace_streaks_02.dds,exact_stem
effects/Hyperspace_Tech_Frigate_Exit.particle_effect,/emitters/3/particle/billboard/texture_0,t_phasespace_opening_03,textures/t_phasespace_opening_03.dds,exact_stem
effects/Hyperspace_Tech_Frigate_Exit.particle_effect,/emitters/4/particle/billboard/texture_0,t_phasespace_opening_03,textures/t_phasespace_opening_03.dds,exact_stem
effects/Hyperspace_Tech_Frigate_Exit.particle_effect,/emitters/5/particle/billboard/texture_0,t_autocannon_travel,textures/t_autocannon_travel.dds,exact_stem
effects/Hyperspace_Tech_Frigate_Travel.particle_effect,/emitters/0/particle/billboard/texture_0,t_phasespace_streaks_02,textures/t_phasespace_streaks_02.dds,exact_stem
effects/Hyperspace_Tech_Frigate_Travel.particle_effect,/emitters/1/particle/billboard/texture_0,t_phasespace_opening_small_01,textures/t_phasespace_opening_small_01.dds,exact_stem
effects/Hyperspace_Tech_Frigate_Travel.particle_effect,/emitters/10/particle/billboard/texture_0,t_phasespace_dust_01,textures/t_phasespace_dust_01.dds,exact_stem
effects/Hyperspace_Tech_Frigate_Travel.particle_effect,/emitters/11/particle/billboard/texture_0,t_phasespace_streaks_02,textures/t_phasespace_streaks_02.dds,exact_stem
effects/Hyperspace_Tech_Frigate_Travel.particle_effect,/emitters/12/particle/billboard/texture_0,t_phasespace_opening_02,textures/t_phasespace_opening_02.dds,exact_stem
effects/Hyperspace_Tech_Frigate_Travel.particle_effect,/emitters/13/particle/billboard/texture_0,t_phasespace_opening_01,textures/t_phasespace_opening_01.dds,exact_stem
effects/Hyperspace_Tech_Frigate_Travel.particle_effect,/emitters/14/particle/billboard/texture_0,t_phasespace_opening_small_01,textures/t_phasespace_opening_small_01.dds,exact_stem
effects/Hyperspace_Tech_Frigate_Travel.particle_effect,/emitters/2/particle/billboard/texture_0,t_phasespace_streaks_02,textures/t_phasespace_streaks_02.dds,exact_stem
effects/Hyperspace_Tech_Frigate_Travel.particle_effect,/emitters/3/particle/billboard/texture_0,t_phasespace_opening_small_02,textures/t_phasespace_opening_small_02.dds,exact_stem
effects/Hyperspace_Tech_Frigate_Travel.particle_effect,/emitters/4/particle/billboard/texture_animation,smoke_alpha_01,texture_animations/smoke_alpha_01.texture_animation,exact_stem
effects/Hyperspace_Tech_Frigate_Travel.particle_effect,/emitters/4/particle/billboard/texture_animation,smoke_alpha_01,textures/smoke_alpha_01.dds,exact_stem
effects/Hyperspace_Tech_Frigate_Travel.particle_effect,/emitters/5/particle/billboard/texture_0,t_soft_glow_04,textures/t_soft_glow_04.dds,exact_stem
effects/Hyperspace_Tech_Frigate_Travel.particle_effect,/emitters/7/particle/billboard/texture_0,t_phasespace_streaks_02,textures/t_phasespace_streaks_02.dds,exact_stem
effects/Hyperspace_Tech_Frigate_Travel.particle_effect,/emitters/8/particle/billboard/texture_0,t_phasespace_dust_01,textures/t_phasespace_dust_01.dds,exact_stem
effects/Hyperspace_Tech_Frigate_Travel.particle_effect,/emitters/9/particle/billboard/texture_0,t_phasespace_streaks_02,textures/t_phasespace_streaks_02.dds,exact_stem
effects/Hyperspace_Tech_Frigate_Travel_Interstellar.particle_effect,/emitters/0/particle/billboard/texture_0,firecraigelectrical_clr,textures/firecraigelectrical_clr.dds,exact_stem
effects/Hyperspace_Tech_Frigate_Travel_Interstellar.particle_effect,/emitters/1/particle/billboard/texture_0,kay_lightningsphere_clr,textures/Kay_lightningsphere_clr.dds,casefold_stem
effects/Hyperspace_Tech_Frigate_Travel_Interstellar.particle_effect,/emitters/10/particle/billboard/texture_0,kay_lightningsphere_clr,textures/Kay_lightningsphere_clr.dds,casefold_stem
effects/Hyperspace_Tech_Frigate_Travel_Interstellar.particle_effect,/emitters/11/particle/billboard/texture_0,kay_lightningsphere3_clr,textures/Kay_lightningsphere3_clr.dds,casefold_stem
effects/Hyperspace_Tech_Frigate_Travel_Interstellar.particle_effect,/emitters/12/particle/billboard/texture_0,kay_lightningsphere3_clr,textures/Kay_lightningsphere3_clr.dds,casefold_stem
effects/Hyperspace_Tech_Frigate_Travel_Interstellar.particle_effect,/emitters/13/particle/billboard/texture_0,kay_lightningsphere3_clr,textures/Kay_lightningsphere3_clr.dds,casefold_stem
effects/Hyperspace_Tech_Frigate_Travel_Interstellar.particle_effect,/emitters/14/particle/billboard/texture_0,kay_lightningsphere3_clr,textures/Kay_lightningsphere3_clr.dds,casefold_stem
effects/Hyperspace_Tech_Frigate_Travel_Interstellar.particle_effect,/emitters/2/particle/billboard/texture_0,firecraigelectrical_clr,textures/firecraigelectrical_clr.dds,exact_stem
effects/Hyperspace_Tech_Frigate_Travel_Interstellar.particle_effect,/emitters/3/particle/billboard/texture_0,kay_particledust_clr,textures/kay_particledust_clr.dds,exact_stem
effects/Hyperspace_Tech_Frigate_Travel_Interstellar.particle_effect,/emitters/4/particle/billboard/texture_0,firecraigelectrical_clr,textures/firecraigelectrical_clr.dds,exact_stem
effects/Hyperspace_Tech_Frigate_Travel_Interstellar.particle_effect,/emitters/5/particle/billboard/texture_0,kay_lightningsphere2_clr,textures/Kay_lightningsphere2_clr.dds,casefold_stem
effects/Hyperspace_Tech_Frigate_Travel_Interstellar.particle_effect,/emitters/6/particle/billboard/texture_0,kay_lightningsphere2_clr,textures/Kay_lightningsphere2_clr.dds,casefold_stem
effects/Hyperspace_Tech_Frigate_Travel_Interstellar.particle_effect,/emitters/7/particle/billboard/texture_0,kay_lightningsphere2_clr,textures/Kay_lightningsphere2_clr.dds,casefold_stem
effects/Hyperspace_Tech_Frigate_Travel_Interstellar.particle_effect,/emitters/8/particle/billboard/texture_0,kay_lightningsphere3_clr,textures/Kay_lightningsphere3_clr.dds,casefold_stem
effects/Hyperspace_Tech_Frigate_Travel_Interstellar.particle_effect,/emitters/9/particle/billboard/texture_0,kay_lightningsphere_clr,textures/Kay_lightningsphere_clr.dds,casefold_stem
effects/Hyperspace_Tech_Frigate_Travel_Unstable.particle_effect,/emitters/0/particle/billboard/texture_0,firecraigelectrical_clr,textures/firecraigelectrical_clr.dds,exact_stem
effects/Hyperspace_Tech_Frigate_Travel_Unstable.particle_effect,/emitters/1/particle/billboard/texture_0,kay_lightningsphere_clr,textures/Kay_lightningsphere_clr.dds,casefold_stem
effects/Hyperspace_Tech_Frigate_Travel_Unstable.particle_effect,/emitters/10/particle/billboard/texture_0,kay_lightningsphere_clr,textures/Kay_lightningsphere_clr.dds,casefold_stem
effects/Hyperspace_Tech_Frigate_Travel_Unstable.particle_effect,/emitters/11/particle/billboard/texture_0,kay_lightningsphere3_clr,textures/Kay_lightningsphere3_clr.dds,casefold_stem
effects/Hyperspace_Tech_Frigate_Travel_Unstable.particle_effect,/emitters/12/particle/billboard/texture_0,kay_lightningsphere3_clr,textures/Kay_lightningsphere3_clr.dds,casefold_stem
effects/Hyperspace_Tech_Frigate_Travel_Unstable.particle_effect,/emitters/13/particle/billboard/texture_0,kay_lightningsphere3_clr,textures/Kay_lightningsphere3_clr.dds,casefold_stem
effects/Hyperspace_Tech_Frigate_Travel_Unstable.particle_effect,/emitters/14/particle/billboard/texture_0,kay_lightningsphere3_clr,textures/Kay_lightningsphere3_clr.dds,casefold_stem
effects/Hyperspace_Tech_Frigate_Travel_Unstable.particle_effect,/emitters/2/particle/billboard/texture_0,firecraigelectrical_clr,textures/firecraigelectrical_clr.dds,exact_stem
effects/Hyperspace_Tech_Frigate_Travel_Unstable.particle_effect,/emitters/3/particle/billboard/texture_0,kay_particledust_clr,textures/kay_particledust_clr.dds,exact_stem
effects/Hyperspace_Tech_Frigate_Travel_Unstable.particle_effect,/emitters/4/particle/billboard/texture_0,firecraigelectrical_clr,textures/firecraigelectrical_clr.dds,exact_stem
effects/Hyperspace_Tech_Frigate_Travel_Unstable.particle_effect,/emitters/5/particle/billboard/texture_0,kay_lightningsphere2_clr,textures/Kay_lightningsphere2_clr.dds,casefold_stem
effects/Hyperspace_Tech_Frigate_Travel_Unstable.particle_effect,/emitters/6/particle/billboard/texture_0,kay_lightningsphere2_clr,textures/Kay_lightningsphere2_clr.dds,casefold_stem
effects/Hyperspace_Tech_Frigate_Travel_Unstable.particle_effect,/emitters/7/particle/billboard/texture_0,kay_lightningsphere2_clr,textures/Kay_lightningsphere2_clr.dds,casefold_stem
effects/Hyperspace_Tech_Frigate_Travel_Unstable.particle_effect,/emitters/8/particle/billboard/texture_0,kay_lightningsphere3_clr,textures/Kay_lightningsphere3_clr.dds,casefold_stem
effects/Hyperspace_Tech_Frigate_Travel_Unstable.particle_effect,/emitters/9/particle/billboard/texture_0,kay_lightningsphere_clr,textures/Kay_lightningsphere_clr.dds,casefold_stem
effects/PD_autocannon_impact.particle_effect,/emitters/0/particle/billboard/texture_0,soft_circle,textures/soft_circle.dds,exact_stem
effects/PD_autocannon_impact.particle_effect,/emitters/1/particle/billboard/gradient_texture,t_gradient_61,textures/t_gradient_61.dds,exact_stem
effects/PD_autocannon_impact.particle_effect,/emitters/1/particle/billboard/texture_animation,embers_anim,texture_animations/embers_anim.texture_animation,exact_stem
effects/PD_autocannon_impact.particle_effect,/emitters/2/particle/billboard/erosion_texture,smoke_noise2,textures/smoke_noise2.dds,exact_stem
effects/PD_autocannon_impact.particle_effect,/emitters/2/particle/billboard/gradient_texture,t_gradient_50,textures/t_gradient_50.dds,exact_stem
effects/PD_autocannon_impact.particle_effect,/emitters/2/particle/billboard/texture_animation,embers_anim,texture_animations/embers_anim.texture_animation,exact_stem
effects/corvette_radialexplosion_revamp.particle_effect,/emitters/0/particle/billboard/distortion_texture,t_uvdist_003,textures/t_uvdist_003.dds,exact_stem
effects/corvette_radialexplosion_revamp.particle_effect,/emitters/0/particle/billboard/erosion_texture,smoke_noise2,textures/smoke_noise2.dds,exact_stem
effects/corvette_radialexplosion_revamp.particle_effect,/emitters/0/particle/billboard/gradient_texture,t_gradient_78,textures/t_gradient_78.dds,exact_stem
effects/corvette_radialexplosion_revamp.particle_effect,/emitters/0/particle/billboard/texture_animation,cloud_2x2,texture_animations/cloud_2x2.texture_animation,exact_stem
effects/corvette_radialexplosion_revamp.particle_effect,/emitters/1/particle/billboard/distortion_texture,t_uvdist_003,textures/t_uvdist_003.dds,exact_stem
effects/corvette_radialexplosion_revamp.particle_effect,/emitters/1/particle/billboard/erosion_texture,smoke_noise2,textures/smoke_noise2.dds,exact_stem
effects/corvette_radialexplosion_revamp.particle_effect,/emitters/1/particle/billboard/gradient_texture,t_gradient_79,textures/t_gradient_79.dds,exact_stem
effects/corvette_radialexplosion_revamp.particle_effect,/emitters/1/particle/billboard/texture_0,vertical_gradient,textures/vertical_gradient.dds,exact_stem
effects/corvette_radialexplosion_revamp.particle_effect,/emitters/2/particle/billboard/distortion_texture,t_uvdist_003,textures/t_uvdist_003.dds,exact_stem
effects/corvette_radialexplosion_revamp.particle_effect,/emitters/2/particle/billboard/erosion_texture,smoke_noise2,textures/smoke_noise2.dds,exact_stem
effects/corvette_radialexplosion_revamp.particle_effect,/emitters/2/particle/billboard/gradient_texture,t_gradient_78,textures/t_gradient_78.dds,exact_stem
effects/corvette_radialexplosion_revamp.particle_effect,/emitters/2/particle/billboard/texture_0,large_explosion_lens,textures/large_explosion_lens.dds,exact_stem
effects/corvette_radialexplosion_revamp.particle_effect,/emitters/3/particle/billboard/erosion_texture,smoke_noise,textures/smoke_noise.dds,exact_stem
effects/corvette_radialexplosion_revamp.particle_effect,/emitters/3/particle/billboard/gradient_texture,t_gradient_63,textures/t_gradient_63.dds,exact_stem
effects/corvette_radialexplosion_revamp.particle_effect,/emitters/3/particle/billboard/texture_0,t_shockwave_06,textures/t_shockwave_06.dds,exact_stem
effects/cruiser_radialexplosion_revamp.particle_effect,/emitters/0/particle/billboard/distortion_texture,t_uvdist_003,textures/t_uvdist_003.dds,exact_stem
effects/cruiser_radialexplosion_revamp.particle_effect,/emitters/0/particle/billboard/erosion_texture,smoke_noise2,textures/smoke_noise2.dds,exact_stem
effects/cruiser_radialexplosion_revamp.particle_effect,/emitters/0/particle/billboard/gradient_texture,t_gradient_78,textures/t_gradient_78.dds,exact_stem
effects/cruiser_radialexplosion_revamp.particle_effect,/emitters/0/particle/billboard/texture_animation,cloud_2x2,texture_animations/cloud_2x2.texture_animation,exact_stem
effects/cruiser_radialexplosion_revamp.particle_effect,/emitters/1/particle/billboard/distortion_texture,t_uvdist_003,textures/t_uvdist_003.dds,exact_stem
effects/cruiser_radialexplosion_revamp.particle_effect,/emitters/1/particle/billboard/erosion_texture,smoke_noise2,textures/smoke_noise2.dds,exact_stem
effects/cruiser_radialexplosion_revamp.particle_effect,/emitters/1/particle/billboard/gradient_texture,t_gradient_79,textures/t_gradient_79.dds,exact_stem
effects/cruiser_radialexplosion_revamp.particle_effect,/emitters/1/particle/billboard/texture_0,vertical_gradient,textures/vertical_gradient.dds,exact_stem
effects/cruiser_radialexplosion_revamp.particle_effect,/emitters/2/particle/billboard/distortion_texture,t_uvdist_003,textures/t_uvdist_003.dds,exact_stem
effects/cruiser_radialexplosion_revamp.particle_effect,/emitters/2/particle/billboard/erosion_texture,smoke_noise2,textures/smoke_noise2.dds,exact_stem
effects/cruiser_radialexplosion_revamp.particle_effect,/emitters/2/particle/billboard/gradient_texture,t_gradient_78,textures/t_gradient_78.dds,exact_stem
effects/cruiser_radialexplosion_revamp.particle_effect,/emitters/2/particle/billboard/texture_0,large_explosion_lens,textures/large_explosion_lens.dds,exact_stem
effects/cruiser_radialexplosion_revamp.particle_effect,/emitters/3/particle/billboard/erosion_texture,smoke_noise,textures/smoke_noise.dds,exact_stem
effects/cruiser_radialexplosion_revamp.particle_effect,/emitters/3/particle/billboard/gradient_texture,t_gradient_63,textures/t_gradient_63.dds,exact_stem
effects/cruiser_radialexplosion_revamp.particle_effect,/emitters/3/particle/billboard/texture_0,t_shockwave_06,textures/t_shockwave_06.dds,exact_stem
effects/cruiser_radialexplosion_revamp.particle_effect,/emitters/4/particle/billboard/erosion_texture,smoke_noise,textures/smoke_noise.dds,exact_stem
effects/cruiser_radialexplosion_revamp.particle_effect,/emitters/4/particle/billboard/refraction_mask_texture,soft_circle_large,textures/soft_circle_large.dds,exact_stem
effects/cruiser_radialexplosion_revamp.particle_effect,/emitters/4/particle/billboard/refraction_texture,advent_ring,textures/advent_ring.dds,exact_stem
effects/damage_air_decompression.particle_effect,/emitters/0/particle/billboard/distortion_texture,t_uvdist_001,textures/t_uvdist_001.dds,exact_stem
effects/damage_air_decompression.particle_effect,/emitters/0/particle/billboard/erosion_texture,smoke_noise2,textures/smoke_noise2.dds,exact_stem
effects/damage_air_decompression.particle_effect,/emitters/0/particle/billboard/gradient_texture,t_gradient_62,textures/t_gradient_62.dds,exact_stem
effects/damage_air_decompression.particle_effect,/emitters/0/particle/billboard/texture_animation,cloud_2x2,texture_animations/cloud_2x2.texture_animation,exact_stem
effects/damage_air_decompression.particle_effect,/emitters/1/particle/mesh/mesh,tec_damage_4,meshes/tec_damage_4.mesh,exact_stem
effects/damage_electricity.particle_effect,/emitters/0/particle/billboard/distortion_texture,t_uvdist_003,textures/t_uvdist_003.dds,exact_stem
effects/damage_electricity.particle_effect,/emitters/0/particle/billboard/erosion_texture,t_noise_001,textures/t_noise_001.dds,exact_stem
effects/damage_electricity.particle_effect,/emitters/0/particle/billboard/gradient_texture,t_gradient_72,textures/t_gradient_72.dds,exact_stem
effects/damage_electricity.particle_effect,/emitters/0/particle/billboard/texture_animation,lightning_04,texture_animations/lightning_04.texture_animation,exact_stem
effects/damage_electricity.particle_effect,/emitters/1/particle/billboard/distortion_texture,t_uvdist_003,textures/t_uvdist_003.dds,exact_stem
effects/damage_electricity.particle_effect,/emitters/1/particle/billboard/erosion_texture,t_noise_001,textures/t_noise_001.dds,exact_stem
effects/damage_electricity.particle_effect,/emitters/1/particle/billboard/gradient_texture,t_gradient_72,textures/t_gradient_72.dds,exact_stem
effects/damage_electricity.particle_effect,/emitters/1/particle/billboard/texture_animation,lightning_02,texture_animations/lightning_02.texture_animation,exact_stem
effects/damage_electricity.particle_effect,/emitters/2/particle/mesh/mesh,tec_damage_1,meshes/tec_damage_1.mesh,exact_stem
effects/damage_electricity.particle_effect,/emitters/3/particle/billboard/distortion_texture,t_uvdist_003,textures/t_uvdist_003.dds,exact_stem
effects/damage_electricity.particle_effect,/emitters/3/particle/billboard/erosion_texture,t_noise_001,textures/t_noise_001.dds,exact_stem
effects/damage_electricity.particle_effect,/emitters/3/particle/billboard/gradient_texture,t_gradient_72,textures/t_gradient_72.dds,exact_stem
effects/damage_electricity.particle_effect,/emitters/3/particle/billboard/texture_animation,lightning_01,texture_animations/lightning_01.texture_animation,exact_stem
effects/damage_electricity.particle_effect,/emitters/4/particle/billboard/distortion_texture,t_uvdist_003,textures/t_uvdist_003.dds,exact_stem
effects/damage_electricity.particle_effect,/emitters/4/particle/billboard/erosion_texture,smoke_noise2,textures/smoke_noise2.dds,exact_stem
effects/damage_electricity.particle_effect,/emitters/4/particle/billboard/gradient_texture,t_gradient_46,textures/t_gradient_46.dds,exact_stem
effects/damage_electricity.particle_effect,/emitters/4/particle/billboard/texture_animation,cloud_2x2,texture_animations/cloud_2x2.texture_animation,exact_stem
effects/damage_electricity_2.particle_effect,/emitters/0/particle/billboard/distortion_texture,t_uvdist_003,textures/t_uvdist_003.dds,exact_stem
effects/damage_electricity_2.particle_effect,/emitters/0/particle/billboard/erosion_texture,t_noise_001,textures/t_noise_001.dds,exact_stem
effects/damage_electricity_2.particle_effect,/emitters/0/particle/billboard/gradient_texture,t_gradient_72,textures/t_gradient_72.dds,exact_stem
effects/damage_electricity_2.particle_effect,/emitters/0/particle/billboard/texture_animation,lightning_04,texture_animations/lightning_04.texture_animation,exact_stem
effects/damage_electricity_2.particle_effect,/emitters/1/particle/billboard/distortion_texture,seamless_crazy_uvs,textures/seamless_crazy_uvs.dds,exact_stem
effects/damage_electricity_2.particle_effect,/emitters/1/particle/billboard/erosion_texture,water_pattern,textures/water_pattern.dds,exact_stem
effects/damage_electricity_2.particle_effect,/emitters/1/particle/billboard/gradient_texture,t_gradient_72,textures/t_gradient_72.dds,exact_stem
effects/damage_electricity_2.particle_effect,/emitters/1/particle/billboard/texture_0,vasari_ball_4,textures/vasari_ball_4.dds,exact_stem
effects/damage_electricity_2.particle_effect,/emitters/2/particle/billboard/distortion_texture,t_uvdist_003,textures/t_uvdist_003.dds,exact_stem
effects/damage_electricity_2.particle_effect,/emitters/2/particle/billboard/erosion_texture,t_noise_001,textures/t_noise_001.dds,exact_stem
effects/damage_electricity_2.particle_effect,/emitters/2/particle/billboard/gradient_texture,t_gradient_72,textures/t_gradient_72.dds,exact_stem
effects/damage_electricity_2.particle_effect,/emitters/2/particle/billboard/texture_animation,lightning_03,texture_animations/lightning_03.texture_animation,exact_stem
effects/damage_electricity_2.particle_effect,/emitters/3/particle/mesh/mesh,tec_damage_3,meshes/tec_damage_3.mesh,exact_stem
effects/damage_fire.particle_effect,/emitters/0/particle/billboard/distortion_texture,smoke_uv,textures/smoke_uv.dds,exact_stem
effects/damage_fire.particle_effect,/emitters/0/particle/billboard/erosion_texture,fire_seamless_texture,textures/fire_seamless_texture.dds,exact_stem
effects/damage_fire.particle_effect,/emitters/0/particle/billboard/gradient_texture,t_gradient_49,textures/t_gradient_49.dds,exact_stem
effects/damage_fire.particle_effect,/emitters/0/particle/billboard/texture_animation,cloud_2x2,texture_animations/cloud_2x2.texture_animation,exact_stem
effects/damage_fire.particle_effect,/emitters/1/particle/billboard/distortion_texture,t_uvdist_001,textures/t_uvdist_001.dds,exact_stem
effects/damage_fire.particle_effect,/emitters/1/particle/billboard/erosion_texture,smoke_noise,textures/smoke_noise.dds,exact_stem
effects/damage_fire.particle_effect,/emitters/1/particle/billboard/gradient_texture,t_gradient_62,textures/t_gradient_62.dds,exact_stem
effects/damage_fire.particle_effect,/emitters/1/particle/billboard/texture_animation,cloud_2x2,texture_animations/cloud_2x2.texture_animation,exact_stem
effects/damage_fire.particle_effect,/emitters/2/particle/billboard/refraction_mask_texture,heat_refraction_falloff,textures/heat_refraction_falloff.dds,exact_stem
effects/damage_fire.particle_effect,/emitters/2/particle/billboard/refraction_texture,heat_refraction,textures/heat_refraction.dds,exact_stem
effects/damage_fire.particle_effect,/emitters/3/particle/billboard/refraction_mask_texture,heat_refraction_falloff,textures/heat_refraction_falloff.dds,exact_stem
effects/damage_fire.particle_effect,/emitters/3/particle/billboard/refraction_texture,heat_refraction,textures/heat_refraction.dds,exact_stem
effects/damage_fire.particle_effect,/emitters/3/particle/mesh/mesh,tec_damage_2,meshes/tec_damage_2.mesh,exact_stem
effects/damage_fire_pillar.particle_effect,/emitters/0/particle/billboard/distortion_texture,smoke_uv,textures/smoke_uv.dds,exact_stem
effects/damage_fire_pillar.particle_effect,/emitters/0/particle/billboard/erosion_texture,fire_seamless_texture,textures/fire_seamless_texture.dds,exact_stem
effects/damage_fire_pillar.particle_effect,/emitters/0/particle/billboard/gradient_texture,t_gradient_49,textures/t_gradient_49.dds,exact_stem
effects/damage_fire_pillar.particle_effect,/emitters/0/particle/billboard/texture_0,fire_pillar_texture,textures/fire_pillar_texture.dds,exact_stem
effects/damage_fire_pillar.particle_effect,/emitters/1/particle/billboard/distortion_texture,t_uvdist_001,textures/t_uvdist_001.dds,exact_stem
effects/damage_fire_pillar.particle_effect,/emitters/1/particle/billboard/erosion_texture,smoke_noise,textures/smoke_noise.dds,exact_stem
effects/damage_fire_pillar.particle_effect,/emitters/1/particle/billboard/gradient_texture,t_gradient_62,textures/t_gradient_62.dds,exact_stem
effects/damage_fire_pillar.particle_effect,/emitters/1/particle/billboard/texture_animation,cloud_2x2,texture_animations/cloud_2x2.texture_animation,exact_stem
effects/damage_fire_pillar.particle_effect,/emitters/2/particle/mesh/mesh,trader_damage_0,meshes/trader_damage_0.mesh,exact_stem
effects/damage_fire_pillar.particle_effect,/emitters/3/particle/billboard/refraction_mask_texture,heat_refraction_falloff,textures/heat_refraction_falloff.dds,exact_stem
effects/damage_fire_pillar.particle_effect,/emitters/3/particle/billboard/refraction_texture,heat_refraction,textures/heat_refraction.dds,exact_stem
effects/damage_smoke_1.particle_effect,/emitters/0/particle/billboard/distortion_texture,t_uvdist_001,textures/t_uvdist_001.dds,exact_stem
effects/damage_smoke_1.particle_effect,/emitters/0/particle/billboard/erosion_texture,smoke_noise,textures/smoke_noise.dds,exact_stem
effects/damage_smoke_1.particle_effect,/emitters/0/particle/billboard/gradient_texture,t_gradient_62,textures/t_gradient_62.dds,exact_stem
effects/damage_smoke_1.particle_effect,/emitters/0/particle/billboard/texture_animation,cloud_2x2,texture_animations/cloud_2x2.texture_animation,exact_stem
effects/damage_smoke_1.particle_effect,/emitters/1/particle/billboard/refraction_mask_texture,heat_refraction_falloff,textures/heat_refraction_falloff.dds,exact_stem
effects/damage_smoke_1.particle_effect,/emitters/1/particle/billboard/refraction_texture,heat_refraction,textures/heat_refraction.dds,exact_stem
effects/damage_smoke_1.particle_effect,/emitters/2/particle/billboard/refraction_mask_texture,heat_refraction_falloff,textures/heat_refraction_falloff.dds,exact_stem
effects/damage_smoke_1.particle_effect,/emitters/2/particle/billboard/refraction_texture,heat_refraction,textures/heat_refraction.dds,exact_stem
effects/damage_smoke_1.particle_effect,/emitters/2/particle/mesh/mesh,tec_damage_1,meshes/tec_damage_1.mesh,exact_stem
effects/damage_smoke_2.particle_effect,/emitters/0/particle/billboard/distortion_texture,t_uvdist_001,textures/t_uvdist_001.dds,exact_stem
effects/damage_smoke_2.particle_effect,/emitters/0/particle/billboard/erosion_texture,smoke_noise,textures/smoke_noise.dds,exact_stem
effects/damage_smoke_2.particle_effect,/emitters/0/particle/billboard/gradient_texture,t_gradient_62,textures/t_gradient_62.dds,exact_stem
effects/damage_smoke_2.particle_effect,/emitters/0/particle/billboard/texture_animation,cloud_2x2,texture_animations/cloud_2x2.texture_animation,exact_stem
effects/damage_smoke_2.particle_effect,/emitters/1/particle/billboard/refraction_mask_texture,heat_refraction_falloff,textures/heat_refraction_falloff.dds,exact_stem
effects/damage_smoke_2.particle_effect,/emitters/1/particle/billboard/refraction_texture,heat_refraction,textures/heat_refraction.dds,exact_stem
effects/damage_smoke_2.particle_effect,/emitters/2/particle/billboard/refraction_mask_texture,heat_refraction_falloff,textures/heat_refraction_falloff.dds,exact_stem
effects/damage_smoke_2.particle_effect,/emitters/2/particle/billboard/refraction_texture,heat_refraction,textures/heat_refraction.dds,exact_stem
effects/damage_smoke_2.particle_effect,/emitters/2/particle/mesh/mesh,tec_damage_3,meshes/tec_damage_3.mesh,exact_stem
effects/exhaust_tech_large_01.particle_effect,/emitters/0/particle/billboard/erosion_texture,t_noise_008,textures/t_noise_008.dds,exact_stem
effects/exhaust_tech_large_01.particle_effect,/emitters/0/particle/billboard/gradient_texture,t_gradient_93,textures/t_gradient_93.dds,exact_stem
effects/exhaust_tech_large_01.particle_effect,/emitters/0/particle/billboard/texture_0,t_edgemask_ghost_fade,textures/t_edgemask_ghost_fade.dds,exact_stem
effects/exhaust_tech_large_01.particle_effect,/emitters/1/particle/billboard/texture_0,zap_clr,textures/zap_clr.dds,exact_stem
effects/exhaust_tech_large_01.particle_effect,/emitters/1/particle/billboard/texture_1,zap_clr,textures/zap_clr.dds,exact_stem
effects/exhaust_tech_large_01.particle_effect,/emitters/3/particle/billboard/erosion_texture,soft_circle_large,textures/soft_circle_large.dds,exact_stem
effects/exhaust_tech_large_01.particle_effect,/emitters/3/particle/billboard/gradient_texture,t_gradient_93,textures/t_gradient_93.dds,exact_stem
effects/exhaust_tech_large_01.particle_effect,/emitters/4/particle/billboard/refraction_mask_texture,heat_refraction_falloff,textures/heat_refraction_falloff.dds,exact_stem
effects/exhaust_tech_large_01.particle_effect,/emitters/4/particle/billboard/refraction_texture,water_uv,textures/water_uv.dds,exact_stem
effects/exhaust_tech_medium_01.particle_effect,/emitters/0/particle/billboard/erosion_texture,t_noise_008,textures/t_noise_008.dds,exact_stem
effects/exhaust_tech_medium_01.particle_effect,/emitters/0/particle/billboard/gradient_texture,t_gradient_93,textures/t_gradient_93.dds,exact_stem
effects/exhaust_tech_medium_01.particle_effect,/emitters/0/particle/billboard/texture_0,t_edgemask_ghost_fade,textures/t_edgemask_ghost_fade.dds,exact_stem
effects/exhaust_tech_medium_01.particle_effect,/emitters/1/particle/billboard/texture_0,zap_clr,textures/zap_clr.dds,exact_stem
effects/exhaust_tech_medium_01.particle_effect,/emitters/1/particle/billboard/texture_1,zap_clr,textures/zap_clr.dds,exact_stem
effects/exhaust_tech_medium_01.particle_effect,/emitters/3/particle/billboard/erosion_texture,soft_circle_large,textures/soft_circle_large.dds,exact_stem
effects/exhaust_tech_medium_01.particle_effect,/emitters/3/particle/billboard/gradient_texture,t_gradient_93,textures/t_gradient_93.dds,exact_stem
effects/exhaust_tech_medium_01.particle_effect,/emitters/4/particle/billboard/refraction_mask_texture,heat_refraction_falloff,textures/heat_refraction_falloff.dds,exact_stem
effects/exhaust_tech_medium_01.particle_effect,/emitters/4/particle/billboard/refraction_texture,water_uv,textures/water_uv.dds,exact_stem
effects/exhaust_tech_small_01.particle_effect,/emitters/0/particle/billboard/erosion_texture,t_noise_008,textures/t_noise_008.dds,exact_stem
effects/exhaust_tech_small_01.particle_effect,/emitters/0/particle/billboard/gradient_texture,t_gradient_93,textures/t_gradient_93.dds,exact_stem
effects/exhaust_tech_small_01.particle_effect,/emitters/0/particle/billboard/texture_0,t_edgemask_ghost_fade,textures/t_edgemask_ghost_fade.dds,exact_stem
effects/exhaust_tech_small_01.particle_effect,/emitters/1/particle/billboard/texture_0,zap_clr,textures/zap_clr.dds,exact_stem
effects/exhaust_tech_small_01.particle_effect,/emitters/1/particle/billboard/texture_1,zap_clr,textures/zap_clr.dds,exact_stem
effects/exhaust_tech_small_01.particle_effect,/emitters/3/particle/billboard/erosion_texture,soft_circle_large,textures/soft_circle_large.dds,exact_stem
effects/exhaust_tech_small_01.particle_effect,/emitters/3/particle/billboard/gradient_texture,t_gradient_93,textures/t_gradient_93.dds,exact_stem
effects/exhaust_tech_small_01.particle_effect,/emitters/4/particle/billboard/refraction_mask_texture,heat_refraction_falloff,textures/heat_refraction_falloff.dds,exact_stem
effects/exhaust_tech_small_01.particle_effect,/emitters/4/particle/billboard/refraction_texture,water_uv,textures/water_uv.dds,exact_stem
effects/frigate_radialexplosion_revamp.particle_effect,/emitters/0/particle/billboard/distortion_texture,t_uvdist_003,textures/t_uvdist_003.dds,exact_stem
effects/frigate_radialexplosion_revamp.particle_effect,/emitters/0/particle/billboard/erosion_texture,smoke_noise2,textures/smoke_noise2.dds,exact_stem
effects/frigate_radialexplosion_revamp.particle_effect,/emitters/0/particle/billboard/gradient_texture,t_gradient_78,textures/t_gradient_78.dds,exact_stem
effects/frigate_radialexplosion_revamp.particle_effect,/emitters/0/particle/billboard/texture_animation,cloud_2x2,texture_animations/cloud_2x2.texture_animation,exact_stem
effects/frigate_radialexplosion_revamp.particle_effect,/emitters/1/particle/billboard/distortion_texture,t_uvdist_003,textures/t_uvdist_003.dds,exact_stem
effects/frigate_radialexplosion_revamp.particle_effect,/emitters/1/particle/billboard/erosion_texture,smoke_noise2,textures/smoke_noise2.dds,exact_stem
effects/frigate_radialexplosion_revamp.particle_effect,/emitters/1/particle/billboard/gradient_texture,t_gradient_79,textures/t_gradient_79.dds,exact_stem
effects/frigate_radialexplosion_revamp.particle_effect,/emitters/1/particle/billboard/texture_0,vertical_gradient,textures/vertical_gradient.dds,exact_stem
effects/frigate_radialexplosion_revamp.particle_effect,/emitters/2/particle/billboard/distortion_texture,t_uvdist_003,textures/t_uvdist_003.dds,exact_stem
effects/frigate_radialexplosion_revamp.particle_effect,/emitters/2/particle/billboard/erosion_texture,smoke_noise2,textures/smoke_noise2.dds,exact_stem
effects/frigate_radialexplosion_revamp.particle_effect,/emitters/2/particle/billboard/gradient_texture,t_gradient_78,textures/t_gradient_78.dds,exact_stem
effects/frigate_radialexplosion_revamp.particle_effect,/emitters/2/particle/billboard/texture_0,large_explosion_lens,textures/large_explosion_lens.dds,exact_stem
effects/frigate_radialexplosion_revamp.particle_effect,/emitters/3/particle/billboard/erosion_texture,smoke_noise,textures/smoke_noise.dds,exact_stem
effects/frigate_radialexplosion_revamp.particle_effect,/emitters/3/particle/billboard/gradient_texture,t_gradient_63,textures/t_gradient_63.dds,exact_stem
effects/frigate_radialexplosion_revamp.particle_effect,/emitters/3/particle/billboard/texture_0,t_shockwave_06,textures/t_shockwave_06.dds,exact_stem
effects/frigate_radialexplosion_revamp.particle_effect,/emitters/4/particle/billboard/erosion_texture,smoke_noise,textures/smoke_noise.dds,exact_stem
effects/frigate_radialexplosion_revamp.particle_effect,/emitters/4/particle/billboard/refraction_mask_texture,soft_circle_large,textures/soft_circle_large.dds,exact_stem
effects/frigate_radialexplosion_revamp.particle_effect,/emitters/4/particle/billboard/refraction_texture,advent_ring,textures/advent_ring.dds,exact_stem
effects/light_autocannon_impact.particle_effect,/emitters/0/particle/billboard/texture_0,soft_circle,textures/soft_circle.dds,exact_stem
effects/light_autocannon_impact.particle_effect,/emitters/1/particle/billboard/gradient_texture,t_gradient_light_autocannon,textures/t_gradient_light_autocannon.dds,exact_stem
effects/light_autocannon_impact.particle_effect,/emitters/1/particle/billboard/texture_animation,embers_anim,texture_animations/embers_anim.texture_animation,exact_stem
effects/light_autocannon_impact.particle_effect,/emitters/2/particle/billboard/erosion_texture,smoke_noise2,textures/smoke_noise2.dds,exact_stem
effects/light_autocannon_impact.particle_effect,/emitters/2/particle/billboard/gradient_texture,t_gradient_light_autocannon,textures/t_gradient_light_autocannon.dds,exact_stem
effects/light_autocannon_impact.particle_effect,/emitters/2/particle/billboard/texture_animation,embers_anim,texture_animations/embers_anim.texture_animation,exact_stem
effects/light_autocannon_impact.particle_effect,/emitters/3/particle/billboard/erosion_texture,smoke_noise2,textures/smoke_noise2.dds,exact_stem
effects/light_autocannon_impact.particle_effect,/emitters/3/particle/billboard/gradient_texture,t_gradient_light_autocannon,textures/t_gradient_light_autocannon.dds,exact_stem
effects/light_autocannon_impact.particle_effect,/emitters/3/particle/billboard/texture_animation,embers_anim,texture_animations/embers_anim.texture_animation,exact_stem
effects/light_autocannon_impact.particle_effect,/emitters/4/particle/billboard/erosion_texture,smoke_noise2,textures/smoke_noise2.dds,exact_stem
effects/light_autocannon_impact.particle_effect,/emitters/4/particle/billboard/gradient_texture,t_gradient_light_autocannon,textures/t_gradient_light_autocannon.dds,exact_stem
effects/light_autocannon_impact.particle_effect,/emitters/4/particle/billboard/texture_animation,embers_anim,texture_animations/embers_anim.texture_animation,exact_stem
effects/medium_autocannon_impact.particle_effect,/emitters/0/particle/billboard/refraction_mask_texture,heat_refraction_falloff,textures/heat_refraction_falloff.dds,exact_stem
effects/medium_autocannon_impact.particle_effect,/emitters/0/particle/billboard/refraction_texture,refraction_circle,textures/refraction_circle.dds,exact_stem
effects/medium_autocannon_impact.particle_effect,/emitters/1/particle/billboard/distortion_texture,smoke_uv,textures/smoke_uv.dds,exact_stem
effects/medium_autocannon_impact.particle_effect,/emitters/1/particle/billboard/erosion_texture,smoke_noise,textures/smoke_noise.dds,exact_stem
effects/medium_autocannon_impact.particle_effect,/emitters/1/particle/billboard/gradient_texture,t_gradient_62,textures/t_gradient_62.dds,exact_stem
effects/medium_autocannon_impact.particle_effect,/emitters/1/particle/billboard/texture_animation,cloud_2x2,texture_animations/cloud_2x2.texture_animation,exact_stem
effects/medium_autocannon_impact.particle_effect,/emitters/2/particle/billboard/erosion_texture,smoke_noise2,textures/smoke_noise2.dds,exact_stem
effects/medium_autocannon_impact.particle_effect,/emitters/2/particle/billboard/gradient_texture,t_gradient_medium_autocannon,textures/t_gradient_medium_autocannon.dds,exact_stem
effects/medium_autocannon_impact.particle_effect,/emitters/2/particle/billboard/texture_animation,medium_bursts_2x2,texture_animations/medium_bursts_2x2.texture_animation,exact_stem
effects/medium_autocannon_impact.particle_effect,/emitters/3/particle/billboard/erosion_texture,smoke_noise2,textures/smoke_noise2.dds,exact_stem
effects/medium_autocannon_impact.particle_effect,/emitters/3/particle/billboard/gradient_texture,t_gradient_medium_autocannon,textures/t_gradient_medium_autocannon.dds,exact_stem
effects/medium_autocannon_impact.particle_effect,/emitters/3/particle/billboard/texture_animation,medium_bursts_2x2,texture_animations/medium_bursts_2x2.texture_animation,exact_stem
effects/medium_autocannon_impact.particle_effect,/emitters/4/particle/billboard/gradient_texture,t_gradient_medium_autocannon,textures/t_gradient_medium_autocannon.dds,exact_stem
effects/medium_autocannon_impact.particle_effect,/emitters/4/particle/billboard/texture_animation,embers_anim,texture_animations/embers_anim.texture_animation,exact_stem
effects/medium_autocannon_impact.particle_effect,/emitters/5/particle/billboard/erosion_texture,smoke_noise2,textures/smoke_noise2.dds,exact_stem
effects/medium_autocannon_impact.particle_effect,/emitters/5/particle/billboard/gradient_texture,t_gradient_medium_autocannon,textures/t_gradient_medium_autocannon.dds,exact_stem
effects/medium_autocannon_impact.particle_effect,/emitters/5/particle/billboard/texture_animation,raze_cloud_3x3,texture_animations/raze_cloud_3x3.texture_animation,exact_stem
effects/placeholder_effect.particle_effect,/emitters/0/particle/billboard/texture_0,placeholder,textures/placeholder.dds,exact_stem
effects/placeholder_effect.particle_effect,/emitters/1/particle/billboard/texture_0,sphere_outer_glow,textures/sphere_outer_glow.dds,exact_stem
effects/strikecraft_radialexplosion_revamp.particle_effect,/emitters/0/particle/billboard/distortion_texture,t_uvdist_003,textures/t_uvdist_003.dds,exact_stem
effects/strikecraft_radialexplosion_revamp.particle_effect,/emitters/0/particle/billboard/erosion_texture,smoke_noise2,textures/smoke_noise2.dds,exact_stem
effects/strikecraft_radialexplosion_revamp.particle_effect,/emitters/0/particle/billboard/gradient_texture,t_gradient_78,textures/t_gradient_78.dds,exact_stem
effects/strikecraft_radialexplosion_revamp.particle_effect,/emitters/0/particle/billboard/texture_animation,cloud_2x2,texture_animations/cloud_2x2.texture_animation,exact_stem
effects/strikecraft_radialexplosion_revamp.particle_effect,/emitters/1/particle/billboard/distortion_texture,t_uvdist_003,textures/t_uvdist_003.dds,exact_stem
effects/strikecraft_radialexplosion_revamp.particle_effect,/emitters/1/particle/billboard/erosion_texture,smoke_noise2,textures/smoke_noise2.dds,exact_stem
effects/strikecraft_radialexplosion_revamp.particle_effect,/emitters/1/particle/billboard/gradient_texture,t_gradient_79,textures/t_gradient_79.dds,exact_stem
effects/strikecraft_radialexplosion_revamp.particle_effect,/emitters/1/particle/billboard/texture_0,vertical_gradient,textures/vertical_gradient.dds,exact_stem
effects/strikecraft_radialexplosion_revamp.particle_effect,/emitters/2/particle/billboard/distortion_texture,t_uvdist_003,textures/t_uvdist_003.dds,exact_stem
effects/strikecraft_radialexplosion_revamp.particle_effect,/emitters/2/particle/billboard/erosion_texture,smoke_noise2,textures/smoke_noise2.dds,exact_stem
effects/strikecraft_radialexplosion_revamp.particle_effect,/emitters/2/particle/billboard/gradient_texture,t_gradient_78,textures/t_gradient_78.dds,exact_stem
effects/strikecraft_radialexplosion_revamp.particle_effect,/emitters/2/particle/billboard/texture_0,large_explosion_lens,textures/large_explosion_lens.dds,exact_stem
effects/strikecraft_radialexplosion_revamp.particle_effect,/emitters/3/particle/billboard/distortion_texture,t_uvdist_003,textures/t_uvdist_003.dds,exact_stem
effects/strikecraft_radialexplosion_revamp.particle_effect,/emitters/3/particle/billboard/erosion_texture,smoke_noise2,textures/smoke_noise2.dds,exact_stem
effects/strikecraft_radialexplosion_revamp.particle_effect,/emitters/3/particle/billboard/refraction_mask_texture,t_shockwave_10,textures/t_shockwave_10.dds,exact_stem
effects/strikecraft_radialexplosion_revamp.particle_effect,/emitters/3/particle/billboard/refraction_texture,white_circle,textures/white_circle.dds,exact_stem
effects/strikecraft_radialexplosion_revamp.particle_effect,/emitters/3/particle/billboard/texture_0,large_explosion_lens,textures/large_explosion_lens.dds,exact_stem
effects/tec_damage_cruiser.particle_effect,/emitters/0/particle/billboard/distortion_texture,t_uvdist_003,textures/t_uvdist_003.dds,exact_stem
effects/tec_damage_cruiser.particle_effect,/emitters/0/particle/billboard/erosion_texture,smoke_noise,textures/smoke_noise.dds,exact_stem
effects/tec_damage_cruiser.particle_effect,/emitters/0/particle/billboard/gradient_texture,t_gradient_56,textures/t_gradient_56.dds,exact_stem
effects/tec_damage_cruiser.particle_effect,/emitters/0/particle/billboard/texture_animation,cloud_2x2,texture_animations/cloud_2x2.texture_animation,exact_stem
effects/tec_damage_cruiser.particle_effect,/emitters/1/particle/billboard/distortion_texture,t_uvdist_003,textures/t_uvdist_003.dds,exact_stem
effects/tec_damage_cruiser.particle_effect,/emitters/1/particle/billboard/erosion_texture,fire_seamless_texture,textures/fire_seamless_texture.dds,exact_stem
effects/tec_damage_cruiser.particle_effect,/emitters/1/particle/billboard/gradient_texture,t_gradient_63,textures/t_gradient_63.dds,exact_stem
effects/tec_damage_cruiser.particle_effect,/emitters/1/particle/billboard/texture_animation,cloud_2x2,texture_animations/cloud_2x2.texture_animation,exact_stem
effects/tec_damage_embers.particle_effect,/emitters/0/particle/billboard/gradient_texture,t_gradient_79,textures/t_gradient_79.dds,exact_stem
effects/tec_damage_embers.particle_effect,/emitters/0/particle/billboard/texture_animation,embers_anim,texture_animations/embers_anim.texture_animation,exact_stem
effects/tec_damage_frigate.particle_effect,/emitters/0/particle/billboard/distortion_texture,t_uvdist_003,textures/t_uvdist_003.dds,exact_stem
effects/tec_damage_frigate.particle_effect,/emitters/0/particle/billboard/erosion_texture,smoke_noise,textures/smoke_noise.dds,exact_stem
effects/tec_damage_frigate.particle_effect,/emitters/0/particle/billboard/gradient_texture,t_gradient_56,textures/t_gradient_56.dds,exact_stem
effects/tec_damage_frigate.particle_effect,/emitters/0/particle/billboard/texture_animation,cloud_2x2,texture_animations/cloud_2x2.texture_animation,exact_stem
effects/tec_damage_frigate.particle_effect,/emitters/1/particle/billboard/distortion_texture,t_uvdist_003,textures/t_uvdist_003.dds,exact_stem
effects/tec_damage_frigate.particle_effect,/emitters/1/particle/billboard/erosion_texture,fire_seamless_texture,textures/fire_seamless_texture.dds,exact_stem
effects/tec_damage_frigate.particle_effect,/emitters/1/particle/billboard/gradient_texture,t_gradient_63,textures/t_gradient_63.dds,exact_stem
effects/tec_damage_frigate.particle_effect,/emitters/1/particle/billboard/texture_animation,cloud_2x2,texture_animations/cloud_2x2.texture_animation,exact_stem
effects/tec_damage_plasma_sparks.particle_effect,/emitters/0/particle/billboard/erosion_texture,smoke_noise,textures/smoke_noise.dds,exact_stem
effects/tec_damage_plasma_sparks.particle_effect,/emitters/0/particle/billboard/gradient_texture,t_gradient_76,textures/t_gradient_76.dds,exact_stem
effects/tec_damage_plasma_sparks.particle_effect,/emitters/0/particle/billboard/texture_0,smoke_pillar,textures/smoke_pillar.dds,exact_stem
effects/tec_damage_plasma_sparks.particle_effect,/emitters/1/particle/billboard/distortion_texture,t_uvdist_003,textures/t_uvdist_003.dds,exact_stem
effects/tec_damage_plasma_sparks.particle_effect,/emitters/1/particle/billboard/erosion_texture,smoke_noise,textures/smoke_noise.dds,exact_stem
effects/tec_damage_plasma_sparks.particle_effect,/emitters/1/particle/billboard/gradient_texture,t_gradient_56,textures/t_gradient_56.dds,exact_stem
effects/tec_damage_plasma_sparks.particle_effect,/emitters/1/particle/billboard/texture_animation,cloud_2x2,texture_animations/cloud_2x2.texture_animation,exact_stem
effects/tec_damage_plasma_sparks.particle_effect,/emitters/2/particle/billboard/distortion_texture,t_uvdist_003,textures/t_uvdist_003.dds,exact_stem
effects/tec_damage_plasma_sparks.particle_effect,/emitters/2/particle/billboard/erosion_texture,fire_seamless_texture,textures/fire_seamless_texture.dds,exact_stem
effects/tec_damage_plasma_sparks.particle_effect,/emitters/2/particle/billboard/gradient_texture,t_gradient_63,textures/t_gradient_63.dds,exact_stem
effects/tec_damage_plasma_sparks.particle_effect,/emitters/2/particle/billboard/texture_animation,cloud_2x2,texture_animations/cloud_2x2.texture_animation,exact_stem
effects/tech_medium_radialexplosion_revamp.particle_effect,/emitters/0/particle/billboard/refraction_mask_texture,heat_refraction_falloff,textures/heat_refraction_falloff.dds,exact_stem
effects/tech_medium_radialexplosion_revamp.particle_effect,/emitters/0/particle/billboard/refraction_texture,refraction_circle,textures/refraction_circle.dds,exact_stem
effects/tech_medium_radialexplosion_revamp.particle_effect,/emitters/1/particle/billboard/erosion_texture,smoke_noise,textures/smoke_noise.dds,exact_stem
effects/tech_medium_radialexplosion_revamp.particle_effect,/emitters/1/particle/billboard/gradient_texture,t_gradient_yellow_star,textures/t_gradient_yellow_star.dds,exact_stem
effects/tech_medium_radialexplosion_revamp.particle_effect,/emitters/1/particle/billboard/texture_animation,cloud_2x2,texture_animations/cloud_2x2.texture_animation,exact_stem
effects/tech_medium_radialexplosion_revamp.particle_effect,/emitters/10/particle/billboard/distortion_texture,t_uvdist_001,textures/t_uvdist_001.dds,exact_stem
effects/tech_medium_radialexplosion_revamp.particle_effect,/emitters/10/particle/billboard/erosion_texture,water_pattern,textures/water_pattern.dds,exact_stem
effects/tech_medium_radialexplosion_revamp.particle_effect,/emitters/10/particle/billboard/gradient_texture,t_gradient_50,textures/t_gradient_50.dds,exact_stem
effects/tech_medium_radialexplosion_revamp.particle_effect,/emitters/10/particle/billboard/texture_0,cloud_01,textures/cloud_01.dds,exact_stem
effects/tech_medium_radialexplosion_revamp.particle_effect,/emitters/2/particle/billboard/distortion_texture,smoke_uv,textures/smoke_uv.dds,exact_stem
effects/tech_medium_radialexplosion_revamp.particle_effect,/emitters/2/particle/billboard/erosion_texture,smoke_noise,textures/smoke_noise.dds,exact_stem
effects/tech_medium_radialexplosion_revamp.particle_effect,/emitters/2/particle/billboard/gradient_texture,t_gradient_48,textures/t_gradient_48.dds,exact_stem
effects/tech_medium_radialexplosion_revamp.particle_effect,/emitters/2/particle/billboard/texture_animation,smoke_alpha_01,texture_animations/smoke_alpha_01.texture_animation,exact_stem
effects/tech_medium_radialexplosion_revamp.particle_effect,/emitters/2/particle/billboard/texture_animation,smoke_alpha_01,textures/smoke_alpha_01.dds,exact_stem
effects/tech_medium_radialexplosion_revamp.particle_effect,/emitters/3/particle/billboard/distortion_texture,t_uvdist_003,textures/t_uvdist_003.dds,exact_stem
effects/tech_medium_radialexplosion_revamp.particle_effect,/emitters/3/particle/billboard/erosion_texture,smoke_noise,textures/smoke_noise.dds,exact_stem
effects/tech_medium_radialexplosion_revamp.particle_effect,/emitters/3/particle/billboard/gradient_texture,t_gradient_59,textures/t_gradient_59.dds,exact_stem
effects/tech_medium_radialexplosion_revamp.particle_effect,/emitters/3/particle/billboard/texture_animation,cloud_2x2,texture_animations/cloud_2x2.texture_animation,exact_stem
effects/tech_medium_radialexplosion_revamp.particle_effect,/emitters/4/particle/billboard/distortion_texture,smoke_uv,textures/smoke_uv.dds,exact_stem
effects/tech_medium_radialexplosion_revamp.particle_effect,/emitters/4/particle/billboard/erosion_texture,t_noise_001,textures/t_noise_001.dds,exact_stem
effects/tech_medium_radialexplosion_revamp.particle_effect,/emitters/4/particle/billboard/gradient_texture,t_gradient_56,textures/t_gradient_56.dds,exact_stem
effects/tech_medium_radialexplosion_revamp.particle_effect,/emitters/4/particle/billboard/texture_animation,smoke_alpha_01,texture_animations/smoke_alpha_01.texture_animation,exact_stem
effects/tech_medium_radialexplosion_revamp.particle_effect,/emitters/4/particle/billboard/texture_animation,smoke_alpha_01,textures/smoke_alpha_01.dds,exact_stem
effects/tech_medium_radialexplosion_revamp.particle_effect,/emitters/5/particle/billboard/texture_0,soft_circle,textures/soft_circle.dds,exact_stem
effects/tech_medium_radialexplosion_revamp.particle_effect,/emitters/6/particle/billboard/distortion_texture,water_uv,textures/water_uv.dds,exact_stem
effects/tech_medium_radialexplosion_revamp.particle_effect,/emitters/6/particle/billboard/erosion_texture,smoke_noise,textures/smoke_noise.dds,exact_stem
effects/tech_medium_radialexplosion_revamp.particle_effect,/emitters/6/particle/billboard/gradient_texture,t_gradient_49,textures/t_gradient_49.dds,exact_stem
effects/tech_medium_radialexplosion_revamp.particle_effect,/emitters/6/particle/billboard/texture_0,binary_blast_1,textures/binary_blast_1.dds,exact_stem
effects/tech_medium_radialexplosion_revamp.particle_effect,/emitters/7/particle/billboard/erosion_texture,t_noise_002,textures/t_noise_002.dds,exact_stem
effects/tech_medium_radialexplosion_revamp.particle_effect,/emitters/7/particle/billboard/gradient_texture,t_gradient_53,textures/t_gradient_53.dds,exact_stem
effects/tech_medium_radialexplosion_revamp.particle_effect,/emitters/7/particle/billboard/texture_animation,embers_anim,texture_animations/embers_anim.texture_animation,exact_stem
effects/tech_medium_radialexplosion_revamp.particle_effect,/emitters/8/particle/billboard/distortion_texture,t_uvdist_001,textures/t_uvdist_001.dds,exact_stem
effects/tech_medium_radialexplosion_revamp.particle_effect,/emitters/8/particle/billboard/erosion_texture,smoke_noise2,textures/smoke_noise2.dds,exact_stem
effects/tech_medium_radialexplosion_revamp.particle_effect,/emitters/8/particle/billboard/gradient_texture,t_gradient_49,textures/t_gradient_49.dds,exact_stem
effects/tech_medium_radialexplosion_revamp.particle_effect,/emitters/8/particle/billboard/texture_0,abstract_fire_shape,textures/abstract_fire_shape.dds,exact_stem
effects/tech_medium_radialexplosion_revamp.particle_effect,/emitters/9/particle/billboard/distortion_texture,smoke_uv,textures/smoke_uv.dds,exact_stem
effects/tech_medium_radialexplosion_revamp.particle_effect,/emitters/9/particle/billboard/erosion_texture,smoke_noise,textures/smoke_noise.dds,exact_stem
effects/tech_medium_radialexplosion_revamp.particle_effect,/emitters/9/particle/billboard/gradient_texture,t_gradient_63,textures/t_gradient_63.dds,exact_stem
effects/tech_medium_radialexplosion_revamp.particle_effect,/emitters/9/particle/billboard/texture_0,binary_blast_2,textures/binary_blast_2.dds,exact_stem
effects/torpedo_cruiser_exhaust.particle_effect,/emitters/0/particle/billboard/distortion_texture,t_uvdist_002,textures/t_uvdist_002.dds,exact_stem
effects/torpedo_cruiser_exhaust.particle_effect,/emitters/0/particle/billboard/erosion_texture,t_noise_002,textures/t_noise_002.dds,exact_stem
effects/torpedo_cruiser_exhaust.particle_effect,/emitters/0/particle/billboard/gradient_texture,t_gradient_52,textures/t_gradient_52.dds,exact_stem
effects/torpedo_cruiser_exhaust.particle_effect,/emitters/0/particle/billboard/texture_animation,cloud_2x2,texture_animations/cloud_2x2.texture_animation,exact_stem
effects/torpedo_cruiser_exhaust.particle_effect,/emitters/1/particle/billboard/distortion_texture,t_uvdist_002,textures/t_uvdist_002.dds,exact_stem
effects/torpedo_cruiser_exhaust.particle_effect,/emitters/1/particle/billboard/erosion_texture,t_cloud_noise,textures/t_cloud_noise.dds,exact_stem
effects/torpedo_cruiser_exhaust.particle_effect,/emitters/1/particle/billboard/gradient_texture,t_gradient_46,textures/t_gradient_46.dds,exact_stem
effects/torpedo_cruiser_exhaust.particle_effect,/emitters/1/particle/billboard/texture_animation,cloud_2x2,texture_animations/cloud_2x2.texture_animation,exact_stem
effects/torpedo_cruiser_exhaust.particle_effect,/emitters/2/particle/billboard/distortion_texture,t_uvdist_002,textures/t_uvdist_002.dds,exact_stem
effects/torpedo_cruiser_exhaust.particle_effect,/emitters/2/particle/billboard/erosion_texture,smoke_noise,textures/smoke_noise.dds,exact_stem
effects/torpedo_cruiser_exhaust.particle_effect,/emitters/2/particle/billboard/gradient_texture,t_gradient_52,textures/t_gradient_52.dds,exact_stem
effects/torpedo_cruiser_exhaust.particle_effect,/emitters/2/particle/billboard/texture_animation,raze_cloud_3x3,texture_animations/raze_cloud_3x3.texture_animation,exact_stem
effects/torpedo_cruiser_exhaust.particle_effect,/emitters/3/particle/billboard/refraction_mask_texture,heat_refraction_falloff,textures/heat_refraction_falloff.dds,exact_stem
effects/torpedo_cruiser_exhaust.particle_effect,/emitters/3/particle/billboard/refraction_texture,heat_refraction,textures/heat_refraction.dds,exact_stem
effects/trader_antifighter_frigate.shield_effect,/primary/impact_texture_animation,trader_normal_shield_impact,texture_animations/trader_normal_shield_impact.texture_animation,exact_stem
effects/trader_antifighter_frigate.shield_effect,/primary/mesh,trader_antifighter_frigate_shield,meshes/trader_antifighter_frigate_shield.mesh,exact_stem
effects/trader_light_autocannon_weapon_muzzle.particle_effect,/emitters/0/particle/billboard/erosion_texture,white_square,textures/white_square.dds,exact_stem
effects/trader_light_autocannon_weapon_muzzle.particle_effect,/emitters/0/particle/billboard/gradient_texture,t_gradient_light_autocannon,textures/t_gradient_light_autocannon.dds,exact_stem
effects/trader_light_autocannon_weapon_muzzle.particle_effect,/emitters/0/particle/billboard/texture_animation,light_autocannon_2x2,texture_animations/light_autocannon_2x2.texture_animation,exact_stem
effects/trader_light_autocannon_weapon_projectile_travel.particle_effect,/emitters/0/particle/billboard/erosion_texture,white_square,textures/white_square.dds,exact_stem
effects/trader_light_autocannon_weapon_projectile_travel.particle_effect,/emitters/0/particle/billboard/gradient_texture,t_gradient_light_autocannon,textures/t_gradient_light_autocannon.dds,exact_stem
effects/trader_light_autocannon_weapon_projectile_travel.particle_effect,/emitters/0/particle/billboard/texture_0,light_autocannon_bolt,textures/light_autocannon_bolt.dds,exact_stem
effects/trader_light_frigate.shield_effect,/primary/impact_texture_animation,trader_normal_shield_impact,texture_animations/trader_normal_shield_impact.texture_animation,exact_stem
effects/trader_light_frigate.shield_effect,/primary/mesh,trader_light_frigate_shield,meshes/trader_light_frigate_shield.mesh,exact_stem
effects/trader_medium_autocannon_weapon_muzzle.particle_effect,/emitters/0/particle/billboard/erosion_texture,white_square,textures/white_square.dds,exact_stem
effects/trader_medium_autocannon_weapon_muzzle.particle_effect,/emitters/0/particle/billboard/gradient_texture,t_gradient_medium_autocannon,textures/t_gradient_medium_autocannon.dds,exact_stem
effects/trader_medium_autocannon_weapon_projectile_travel.particle_effect,/emitters/0/particle/billboard/erosion_texture,white_square,textures/white_square.dds,exact_stem
effects/trader_medium_autocannon_weapon_projectile_travel.particle_effect,/emitters/0/particle/billboard/gradient_texture,t_gradient_medium_autocannon,textures/t_gradient_medium_autocannon.dds,exact_stem
effects/trader_medium_autocannon_weapon_projectile_travel.particle_effect,/emitters/0/particle/billboard/texture_0,medium_autocannon_bolt,textures/medium_autocannon_bolt.dds,exact_stem
effects/trader_point_defense_autocannon_weapon_muzzle.particle_effect,/emitters/0/particle/billboard/erosion_texture,white_square,textures/white_square.dds,exact_stem
effects/trader_point_defense_autocannon_weapon_muzzle.particle_effect,/emitters/0/particle/billboard/gradient_texture,t_gradient_pd_autocannon,textures/t_gradient_pd_autocannon.dds,exact_stem
effects/trader_point_defense_autocannon_weapon_muzzle.particle_effect,/emitters/0/particle/billboard/texture_animation,pointdefense_muzzleflash,texture_animations/pointdefense_muzzleflash.texture_animation,exact_stem
effects/trader_point_defense_autocannon_weapon_projectile_travel.particle_effect,/emitters/0/particle/billboard/texture_0,aclight_clr,textures/aclight_clr.dds,exact_stem
effects/trader_torpedo_cruiser.shield_effect,/primary/impact_texture_animation,trader_normal_shield_impact,texture_animations/trader_normal_shield_impact.texture_animation,exact_stem
effects/trader_torpedo_cruiser.shield_effect,/primary/mesh,trader_torpedo_cruiser_shield,meshes/trader_torpedo_cruiser_shield.mesh,exact_stem
effects/trader_torpedo_cruiser_impact.particle_effect,/emitters/0/particle/billboard/refraction_mask_texture,heat_refraction_falloff,textures/heat_refraction_falloff.dds,exact_stem
effects/trader_torpedo_cruiser_impact.particle_effect,/emitters/0/particle/billboard/refraction_texture,refraction_circle,textures/refraction_circle.dds,exact_stem
effects/trader_torpedo_cruiser_impact.particle_effect,/emitters/1/particle/billboard/erosion_texture,smoke_noise,textures/smoke_noise.dds,exact_stem
effects/trader_torpedo_cruiser_impact.particle_effect,/emitters/1/particle/billboard/gradient_texture,t_gradient_yellow_star,textures/t_gradient_yellow_star.dds,exact_stem
effects/trader_torpedo_cruiser_impact.particle_effect,/emitters/1/particle/billboard/texture_animation,cloud_2x2,texture_animations/cloud_2x2.texture_animation,exact_stem
effects/trader_torpedo_cruiser_impact.particle_effect,/emitters/10/particle/billboard/distortion_texture,t_uvdist_001,textures/t_uvdist_001.dds,exact_stem
effects/trader_torpedo_cruiser_impact.particle_effect,/emitters/10/particle/billboard/erosion_texture,water_pattern,textures/water_pattern.dds,exact_stem
effects/trader_torpedo_cruiser_impact.particle_effect,/emitters/10/particle/billboard/gradient_texture,t_gradient_50,textures/t_gradient_50.dds,exact_stem
effects/trader_torpedo_cruiser_impact.particle_effect,/emitters/10/particle/billboard/texture_0,cloud_01,textures/cloud_01.dds,exact_stem
effects/trader_torpedo_cruiser_impact.particle_effect,/emitters/2/particle/billboard/distortion_texture,smoke_uv,textures/smoke_uv.dds,exact_stem
effects/trader_torpedo_cruiser_impact.particle_effect,/emitters/2/particle/billboard/erosion_texture,smoke_noise,textures/smoke_noise.dds,exact_stem
effects/trader_torpedo_cruiser_impact.particle_effect,/emitters/2/particle/billboard/gradient_texture,t_gradient_48,textures/t_gradient_48.dds,exact_stem
effects/trader_torpedo_cruiser_impact.particle_effect,/emitters/2/particle/billboard/texture_animation,smoke_alpha_01,texture_animations/smoke_alpha_01.texture_animation,exact_stem
effects/trader_torpedo_cruiser_impact.particle_effect,/emitters/2/particle/billboard/texture_animation,smoke_alpha_01,textures/smoke_alpha_01.dds,exact_stem
effects/trader_torpedo_cruiser_impact.particle_effect,/emitters/3/particle/billboard/distortion_texture,t_uvdist_003,textures/t_uvdist_003.dds,exact_stem
effects/trader_torpedo_cruiser_impact.particle_effect,/emitters/3/particle/billboard/erosion_texture,smoke_noise,textures/smoke_noise.dds,exact_stem
effects/trader_torpedo_cruiser_impact.particle_effect,/emitters/3/particle/billboard/gradient_texture,t_gradient_59,textures/t_gradient_59.dds,exact_stem
effects/trader_torpedo_cruiser_impact.particle_effect,/emitters/3/particle/billboard/texture_animation,cloud_2x2,texture_animations/cloud_2x2.texture_animation,exact_stem
effects/trader_torpedo_cruiser_impact.particle_effect,/emitters/4/particle/billboard/distortion_texture,smoke_uv,textures/smoke_uv.dds,exact_stem
effects/trader_torpedo_cruiser_impact.particle_effect,/emitters/4/particle/billboard/erosion_texture,t_noise_001,textures/t_noise_001.dds,exact_stem
effects/trader_torpedo_cruiser_impact.particle_effect,/emitters/4/particle/billboard/gradient_texture,t_gradient_56,textures/t_gradient_56.dds,exact_stem
effects/trader_torpedo_cruiser_impact.particle_effect,/emitters/4/particle/billboard/texture_animation,smoke_alpha_01,texture_animations/smoke_alpha_01.texture_animation,exact_stem
effects/trader_torpedo_cruiser_impact.particle_effect,/emitters/4/particle/billboard/texture_animation,smoke_alpha_01,textures/smoke_alpha_01.dds,exact_stem
effects/trader_torpedo_cruiser_impact.particle_effect,/emitters/5/particle/billboard/texture_0,soft_circle,textures/soft_circle.dds,exact_stem
effects/trader_torpedo_cruiser_impact.particle_effect,/emitters/6/particle/billboard/distortion_texture,water_uv,textures/water_uv.dds,exact_stem
effects/trader_torpedo_cruiser_impact.particle_effect,/emitters/6/particle/billboard/erosion_texture,smoke_noise,textures/smoke_noise.dds,exact_stem
effects/trader_torpedo_cruiser_impact.particle_effect,/emitters/6/particle/billboard/gradient_texture,t_gradient_49,textures/t_gradient_49.dds,exact_stem
effects/trader_torpedo_cruiser_impact.particle_effect,/emitters/6/particle/billboard/texture_0,binary_blast_1,textures/binary_blast_1.dds,exact_stem
effects/trader_torpedo_cruiser_impact.particle_effect,/emitters/7/particle/billboard/erosion_texture,t_noise_002,textures/t_noise_002.dds,exact_stem
effects/trader_torpedo_cruiser_impact.particle_effect,/emitters/7/particle/billboard/gradient_texture,t_gradient_53,textures/t_gradient_53.dds,exact_stem
effects/trader_torpedo_cruiser_impact.particle_effect,/emitters/7/particle/billboard/texture_animation,embers_anim,texture_animations/embers_anim.texture_animation,exact_stem
effects/trader_torpedo_cruiser_impact.particle_effect,/emitters/8/particle/billboard/distortion_texture,t_uvdist_001,textures/t_uvdist_001.dds,exact_stem
effects/trader_torpedo_cruiser_impact.particle_effect,/emitters/8/particle/billboard/erosion_texture,smoke_noise2,textures/smoke_noise2.dds,exact_stem
effects/trader_torpedo_cruiser_impact.particle_effect,/emitters/8/particle/billboard/gradient_texture,t_gradient_49,textures/t_gradient_49.dds,exact_stem
effects/trader_torpedo_cruiser_impact.particle_effect,/emitters/8/particle/billboard/texture_0,abstract_fire_shape,textures/abstract_fire_shape.dds,exact_stem
effects/trader_torpedo_cruiser_impact.particle_effect,/emitters/9/particle/billboard/distortion_texture,smoke_uv,textures/smoke_uv.dds,exact_stem
effects/trader_torpedo_cruiser_impact.particle_effect,/emitters/9/particle/billboard/erosion_texture,smoke_noise,textures/smoke_noise.dds,exact_stem
effects/trader_torpedo_cruiser_impact.particle_effect,/emitters/9/particle/billboard/gradient_texture,t_gradient_63,textures/t_gradient_63.dds,exact_stem
effects/trader_torpedo_cruiser_impact.particle_effect,/emitters/9/particle/billboard/texture_0,binary_blast_2,textures/binary_blast_2.dds,exact_stem
effects/trader_torpedo_cruiser_muzzle.particle_effect,/emitters/0/particle/billboard/distortion_texture,t_uvdist_003,textures/t_uvdist_003.dds,exact_stem
effects/trader_torpedo_cruiser_muzzle.particle_effect,/emitters/0/particle/billboard/erosion_texture,smoke_noise,textures/smoke_noise.dds,exact_stem
effects/trader_torpedo_cruiser_muzzle.particle_effect,/emitters/0/particle/billboard/gradient_texture,t_gradient_46,textures/t_gradient_46.dds,exact_stem
effects/trader_torpedo_cruiser_muzzle.particle_effect,/emitters/0/particle/billboard/texture_animation,cloud_2x2,texture_animations/cloud_2x2.texture_animation,exact_stem
effects/trader_torpedo_cruiser_muzzle.particle_effect,/emitters/1/particle/billboard/erosion_texture,t_fire_noise,textures/t_fire_noise.dds,exact_stem
effects/trader_torpedo_cruiser_muzzle.particle_effect,/emitters/1/particle/billboard/gradient_texture,t_gradient_49,textures/t_gradient_49.dds,exact_stem
effects/trader_torpedo_cruiser_muzzle.particle_effect,/emitters/1/particle/billboard/texture_animation,raze_cloud_3x3,texture_animations/raze_cloud_3x3.texture_animation,exact_stem
effects/trader_torpedo_cruiser_muzzle.particle_effect,/emitters/2/particle/billboard/erosion_texture,smoke_noise2,textures/smoke_noise2.dds,exact_stem
effects/trader_torpedo_cruiser_muzzle.particle_effect,/emitters/2/particle/billboard/gradient_texture,t_gradient_56,textures/t_gradient_56.dds,exact_stem
effects/trader_torpedo_cruiser_muzzle.particle_effect,/emitters/2/particle/billboard/texture_0,cricle_cloud_01,textures/cricle_cloud_01.dds,exact_stem
entities/trader_antifighter_frigate.unit,/skin_groups/0/skins/0,trader_antifighter_frigate,entities/trader_antifighter_frigate.unit_skin,exact_stem
entities/trader_antifighter_frigate.unit,/weapons/weapons/0/weapon,trader_antifighter_frigate_point_defense_autocannon,entities/trader_antifighter_frigate_point_defense_autocannon.weapon,exact_stem
entities/trader_antifighter_frigate.unit,/weapons/weapons/1/weapon,trader_antifighter_frigate_point_defense_autocannon,entities/trader_antifighter_frigate_point_defense_autocannon.weapon,exact_stem
entities/trader_antifighter_frigate.unit,/weapons/weapons/2/weapon,trader_antifighter_frigate_point_defense_autocannon,entities/trader_antifighter_frigate_point_defense_autocannon.weapon,exact_stem
entities/trader_antifighter_frigate.unit,/weapons/weapons/3/weapon,trader_antifighter_frigate_point_defense_autocannon,entities/trader_antifighter_frigate_point_defense_autocannon.weapon,exact_stem
entities/trader_antifighter_frigate.unit,/weapons/weapons/4/weapon,trader_antifighter_frigate_point_defense_autocannon,entities/trader_antifighter_frigate_point_defense_autocannon.weapon,exact_stem
entities/trader_antifighter_frigate.unit,/weapons/weapons/5/weapon,trader_antifighter_frigate_point_defense_autocannon,entities/trader_antifighter_frigate_point_defense_autocannon.weapon,exact_stem
entities/trader_antifighter_frigate.unit,/weapons/weapons/6/weapon,trader_antifighter_frigate_light_autocannon,entities/trader_antifighter_frigate_light_autocannon.weapon,exact_stem
entities/trader_antifighter_frigate.unit_skin,/skin_stages/0/child_mesh_alias_bindings/map/0/mesh_definition/mesh,trader_asset_frigate_pdturret_barrel_0,meshes/trader_asset_frigate_pdturret_barrel_0.mesh,exact_stem
entities/trader_antifighter_frigate.unit_skin,/skin_stages/0/child_mesh_alias_bindings/map/1/mesh_definition/mesh,trader_asset_frigate_pdturret_mount_0,meshes/trader_asset_frigate_pdturret_mount_0.mesh,exact_stem
entities/trader_antifighter_frigate.unit_skin,/skin_stages/0/child_mesh_alias_bindings/map/2/mesh_definition/mesh,trader_asset_frigate_turret_barrel_0,meshes/trader_asset_frigate_turret_barrel_0.mesh,exact_stem
entities/trader_antifighter_frigate.unit_skin,/skin_stages/0/child_mesh_alias_bindings/map/3/mesh_definition/mesh,trader_asset_frigate_turret_mount_0,meshes/trader_asset_frigate_turret_mount_0.mesh,exact_stem
entities/trader_antifighter_frigate.unit_skin,/skin_stages/0/death_sequence_group,frigate0,death_sequences/frigate0.death_sequence_group,exact_stem
entities/trader_antifighter_frigate.unit_skin,/skin_stages/0/effects/damage_effects/damage_effects/0/particle_effect,tec_damage_embers,effects/tec_damage_embers.particle_effect,exact_stem
entities/trader_antifighter_frigate.unit_skin,/skin_stages/0/effects/damage_effects/damage_effects/1/particle_effect,damage_smoke_1,effects/damage_smoke_1.particle_effect,exact_stem
entities/trader_antifighter_frigate.unit_skin,/skin_stages/0/effects/damage_effects/damage_effects/2/particle_effect,tec_damage_plasma_sparks,effects/tec_damage_plasma_sparks.particle_effect,exact_stem
entities/trader_antifighter_frigate.unit_skin,/skin_stages/0/effects/damage_effects/damage_effects/3/particle_effect,damage_electricity_2,effects/damage_electricity_2.particle_effect,exact_stem
entities/trader_antifighter_frigate.unit_skin,/skin_stages/0/effects/damage_effects/damage_effects/4/particle_effect,damage_air_decompression,effects/damage_air_decompression.particle_effect,exact_stem
entities/trader_antifighter_frigate.unit_skin,/skin_stages/0/effects/effect_alias_bindings/0/alias_binding/particle_effect,light_autocannon_impact,effects/light_autocannon_impact.particle_effect,exact_stem
entities/trader_antifighter_frigate.unit_skin,/skin_stages/0/effects/effect_alias_bindings/0/alias_binding/sounds/0,weapon_impact_physical_light_hithull,sounds/weapon_impact_physical_light_hithull.sound,exact_stem
entities/trader_antifighter_frigate.unit_skin,/skin_stages/0/effects/effect_alias_bindings/0/alias_binding/sounds/1,weapon_impact_physical_light_hithull_01,sounds/weapon_impact_physical_light_hithull_01.sound,exact_stem
entities/trader_antifighter_frigate.unit_skin,/skin_stages/0/effects/effect_alias_bindings/0/alias_binding/sounds/2,weapon_impact_physical_light_hithull_02,sounds/weapon_impact_physical_light_hithull_02.sound,exact_stem
entities/trader_antifighter_frigate.unit_skin,/skin_stages/0/effects/effect_alias_bindings/0/alias_binding/sounds/3,weapon_impact_physical_light_hithull_03,sounds/weapon_impact_physical_light_hithull_03.sound,exact_stem
entities/trader_antifighter_frigate.unit_skin,/skin_stages/0/effects/effect_alias_bindings/0/alias_binding/sounds/4,weapon_impact_physical_light_hithull_04,sounds/weapon_impact_physical_light_hithull_04.sound,exact_stem
entities/trader_antifighter_frigate.unit_skin,/skin_stages/0/effects/effect_alias_bindings/1/alias_binding/particle_effect,light_autocannon_impact,effects/light_autocannon_impact.particle_effect,exact_stem
entities/trader_antifighter_frigate.unit_skin,/skin_stages/0/effects/effect_alias_bindings/1/alias_binding/sounds/0,weapon_impact_generic_light_hitshields,sounds/weapon_impact_generic_light_hitshields.sound,exact_stem
entities/trader_antifighter_frigate.unit_skin,/skin_stages/0/effects/effect_alias_bindings/1/alias_binding/sounds/1,weapon_impact_generic_light_hitshields_01,sounds/weapon_impact_generic_light_hitshields_01.sound,exact_stem
entities/trader_antifighter_frigate.unit_skin,/skin_stages/0/effects/effect_alias_bindings/1/alias_binding/sounds/2,weapon_impact_generic_light_hitshields_02,sounds/weapon_impact_generic_light_hitshields_02.sound,exact_stem
entities/trader_antifighter_frigate.unit_skin,/skin_stages/0/effects/effect_alias_bindings/1/alias_binding/sounds/3,weapon_impact_generic_light_hitshields_03,sounds/weapon_impact_generic_light_hitshields_03.sound,exact_stem
entities/trader_antifighter_frigate.unit_skin,/skin_stages/0/effects/effect_alias_bindings/2/alias_binding/particle_effect,trader_light_autocannon_weapon_muzzle,effects/trader_light_autocannon_weapon_muzzle.particle_effect,exact_stem
entities/trader_antifighter_frigate.unit_skin,/skin_stages/0/effects/effect_alias_bindings/2/alias_binding/sounds/0,weapon_muzzle_tech_light_autocannon,sounds/weapon_muzzle_tech_light_autocannon.sound,exact_stem
entities/trader_antifighter_frigate.unit_skin,/skin_stages/0/effects/effect_alias_bindings/2/alias_binding/sounds/1,weapon_muzzle_tech_light_autocannon_01,sounds/weapon_muzzle_tech_light_autocannon_01.sound,exact_stem
entities/trader_antifighter_frigate.unit_skin,/skin_stages/0/effects/effect_alias_bindings/2/alias_binding/sounds/2,weapon_muzzle_tech_light_autocannon_02,sounds/weapon_muzzle_tech_light_autocannon_02.sound,exact_stem
entities/trader_antifighter_frigate.unit_skin,/skin_stages/0/effects/effect_alias_bindings/2/alias_binding/sounds/3,weapon_muzzle_tech_light_autocannon_03,sounds/weapon_muzzle_tech_light_autocannon_03.sound,exact_stem
entities/trader_antifighter_frigate.unit_skin,/skin_stages/0/effects/effect_alias_bindings/3/alias_binding/particle_effect,trader_light_autocannon_weapon_projectile_travel,effects/trader_light_autocannon_weapon_projectile_travel.particle_effect,exact_stem
entities/trader_antifighter_frigate.unit_skin,/skin_stages/0/effects/effect_alias_bindings/4/alias_binding/particle_effect,pd_autocannon_impact,effects/PD_autocannon_impact.particle_effect,casefold_stem
entities/trader_antifighter_frigate.unit_skin,/skin_stages/0/effects/effect_alias_bindings/4/alias_binding/sounds/0,weapon_impact_physical_pointdefense_hithull,sounds/weapon_impact_physical_pointdefense_hithull.sound,exact_stem
entities/trader_antifighter_frigate.unit_skin,/skin_stages/0/effects/effect_alias_bindings/4/alias_binding/sounds/1,weapon_impact_physical_pointdefense_hithull_01,sounds/weapon_impact_physical_pointdefense_hithull_01.sound,exact_stem
entities/trader_antifighter_frigate.unit_skin,/skin_stages/0/effects/effect_alias_bindings/4/alias_binding/sounds/2,weapon_impact_physical_pointdefense_hithull_02,sounds/weapon_impact_physical_pointdefense_hithull_02.sound,exact_stem
entities/trader_antifighter_frigate.unit_skin,/skin_stages/0/effects/effect_alias_bindings/4/alias_binding/sounds/3,weapon_impact_physical_pointdefense_hithull_03,sounds/weapon_impact_physical_pointdefense_hithull_03.sound,exact_stem
entities/trader_antifighter_frigate.unit_skin,/skin_stages/0/effects/effect_alias_bindings/5/alias_binding/particle_effect,pd_autocannon_impact,effects/PD_autocannon_impact.particle_effect,casefold_stem
entities/trader_antifighter_frigate.unit_skin,/skin_stages/0/effects/effect_alias_bindings/5/alias_binding/sounds/0,weapon_impact_generic_pointdefense_hitshields,sounds/weapon_impact_generic_pointdefense_hitshields.sound,exact_stem
entities/trader_antifighter_frigate.unit_skin,/skin_stages/0/effects/effect_alias_bindings/5/alias_binding/sounds/1,weapon_impact_generic_pointdefense_hitshields_01,sounds/weapon_impact_generic_pointdefense_hitshields_01.sound,exact_stem
entities/trader_antifighter_frigate.unit_skin,/skin_stages/0/effects/effect_alias_bindings/5/alias_binding/sounds/2,weapon_impact_generic_pointdefense_hitshields_02,sounds/weapon_impact_generic_pointdefense_hitshields_02.sound,exact_stem
entities/trader_antifighter_frigate.unit_skin,/skin_stages/0/effects/effect_alias_bindings/5/alias_binding/sounds/3,weapon_impact_generic_pointdefense_hitshields_03,sounds/weapon_impact_generic_pointdefense_hitshields_03.sound,exact_stem
entities/trader_antifighter_frigate.unit_skin,/skin_stages/0/effects/effect_alias_bindings/6/alias_binding/particle_effect,trader_point_defense_autocannon_weapon_muzzle,effects/trader_point_defense_autocannon_weapon_muzzle.particle_effect,exact_stem
entities/trader_antifighter_frigate.unit_skin,/skin_stages/0/effects/effect_alias_bindings/6/alias_binding/sounds/0,weapon_muzzle_tech_pointdefense_autocannon,sounds/weapon_muzzle_tech_pointdefense_autocannon.sound,exact_stem
entities/trader_antifighter_frigate.unit_skin,/skin_stages/0/effects/effect_alias_bindings/6/alias_binding/sounds/1,weapon_muzzle_tech_pointdefense_autocannon_01,sounds/weapon_muzzle_tech_pointdefense_autocannon_01.sound,exact_stem
entities/trader_antifighter_frigate.unit_skin,/skin_stages/0/effects/effect_alias_bindings/6/alias_binding/sounds/2,weapon_muzzle_tech_pointdefense_autocannon_02,sounds/weapon_muzzle_tech_pointdefense_autocannon_02.sound,exact_stem
entities/trader_antifighter_frigate.unit_skin,/skin_stages/0/effects/effect_alias_bindings/6/alias_binding/sounds/3,weapon_muzzle_tech_pointdefense_autocannon_03,sounds/weapon_muzzle_tech_pointdefense_autocannon_03.sound,exact_stem
entities/trader_antifighter_frigate.unit_skin,/skin_stages/0/effects/effect_alias_bindings/7/alias_binding/particle_effect,trader_point_defense_autocannon_weapon_projectile_travel,effects/trader_point_defense_autocannon_weapon_projectile_travel.particle_effect,exact_stem
entities/trader_antifighter_frigate.unit_skin,/skin_stages/0/effects/exhaust_effects/particle_effects/0/particle_effect,exhaust_tech_small_01,effects/exhaust_tech_small_01.particle_effect,exact_stem
entities/trader_antifighter_frigate.unit_skin,/skin_stages/0/effects/flair_effects/0/particle_effect,tec_damage_frigate,effects/tec_damage_frigate.particle_effect,exact_stem
entities/trader_antifighter_frigate.unit_skin,/skin_stages/0/effects/hyperspace_effects/charge_effect,hyperspace_tech_frigate_chargeup,effects/Hyperspace_Tech_Frigate_ChargeUp.particle_effect,casefold_stem
entities/trader_antifighter_frigate.unit_skin,/skin_stages/0/effects/hyperspace_effects/charge_effect_between_stars,hyperspace_tech_frigate_chargeup_interstellar,effects/Hyperspace_Tech_Frigate_ChargeUp_Interstellar.particle_effect,casefold_stem
entities/trader_antifighter_frigate.unit_skin,/skin_stages/0/effects/hyperspace_effects/charge_effect_destabilized,hyperspace_tech_frigate_chargeup_unstable,effects/Hyperspace_Tech_Frigate_ChargeUp_Unstable.particle_effect,casefold_stem
entities/trader_antifighter_frigate.unit_skin,/skin_stages/0/effects/hyperspace_effects/charge_sound,hyperspace_chargeup,sounds/HYPERSPACE_CHARGEUP.sound,casefold_stem
entities/trader_antifighter_frigate.unit_skin,/skin_stages/0/effects/hyperspace_effects/enter_sound,hyperspace_entry,sounds/hyperspace_entry.sound,exact_stem
entities/trader_antifighter_frigate.unit_skin,/skin_stages/0/effects/hyperspace_effects/exit_effect,hyperspace_tech_frigate_exit,effects/Hyperspace_Tech_Frigate_Exit.particle_effect,casefold_stem
entities/trader_antifighter_frigate.unit_skin,/skin_stages/0/effects/hyperspace_effects/exit_sound,hyperspace_exit,sounds/HYPERSPACE_EXIT.sound,casefold_stem
entities/trader_antifighter_frigate.unit_skin,/skin_stages/0/effects/hyperspace_effects/travel_effect,hyperspace_tech_frigate_travel,effects/Hyperspace_Tech_Frigate_Travel.particle_effect,casefold_stem
entities/trader_antifighter_frigate.unit_skin,/skin_stages/0/effects/hyperspace_effects/travel_effect_between_stars,hyperspace_tech_frigate_travel_interstellar,effects/Hyperspace_Tech_Frigate_Travel_Interstellar.particle_effect,casefold_stem
entities/trader_antifighter_frigate.unit_skin,/skin_stages/0/effects/hyperspace_effects/travel_effect_destabilized,hyperspace_tech_frigate_travel_unstable,effects/Hyperspace_Tech_Frigate_Travel_Unstable.particle_effect,casefold_stem
entities/trader_antifighter_frigate.unit_skin,/skin_stages/0/effects/shield_effect,trader_antifighter_frigate,effects/trader_antifighter_frigate.shield_effect,exact_stem
entities/trader_antifighter_frigate.unit_skin,/skin_stages/0/gui/description,trader_antifighter_frigate_description,localized_text/en.localized_text#/trader_antifighter_frigate_description,localization
entities/trader_antifighter_frigate.unit_skin,/skin_stages/0/gui/hud_icon,trader_antifighter_frigate_hud_icon,textures/trader_antifighter_frigate_hud_icon.png,exact_stem
entities/trader_antifighter_frigate.unit_skin,/skin_stages/0/gui/hud_monochrome_icon,trader_antifighter_frigate_main_view_icon,textures/trader_antifighter_frigate_main_view_icon.png,exact_stem
entities/trader_antifighter_frigate.unit_skin,/skin_stages/0/gui/hud_picture,trader_antifighter_frigate_hud_picture,textures/trader_antifighter_frigate_hud_picture.png,exact_stem
entities/trader_antifighter_frigate.unit_skin,/skin_stages/0/gui/name,trader_antifighter_frigate_name,localized_text/en.localized_text#/trader_antifighter_frigate_name,localization
entities/trader_antifighter_frigate.unit_skin,/skin_stages/0/gui/special_operation_names/0/name,trader_antifighter_frigate_name.garrison,localized_text/en.localized_text#/trader_antifighter_frigate_name.garrison,localization
entities/trader_antifighter_frigate.unit_skin,/skin_stages/0/gui/tooltip_picture,trader_antifighter_frigate_tooltip_picture,textures/trader_antifighter_frigate_tooltip_picture.png,exact_stem
entities/trader_antifighter_frigate.unit_skin,/skin_stages/0/main_view_icon/icon,trader_antifighter_frigate_main_view_icon,textures/trader_antifighter_frigate_main_view_icon.png,exact_stem
entities/trader_antifighter_frigate.unit_skin,/skin_stages/0/main_view_icon/selected_icon,trader_antifighter_frigate_main_view_icon_selected,textures/trader_antifighter_frigate_main_view_icon_selected.png,exact_stem
entities/trader_antifighter_frigate.unit_skin,/skin_stages/0/main_view_icon/sub_selected_icon,trader_antifighter_frigate_main_view_icon_sub_selected,textures/trader_antifighter_frigate_main_view_icon_sub_selected.png,exact_stem
entities/trader_antifighter_frigate.unit_skin,/skin_stages/0/sounds/dialogue/attack_order_issued/neutral/0,trader_antifighter_frigate_attack_order_issued_neutral_0,sounds/trader_antifighter_frigate_attack_order_issued_neutral_0.sound,exact_stem
entities/trader_antifighter_frigate.unit_skin,/skin_stages/0/sounds/dialogue/attack_order_issued/neutral/1,trader_antifighter_frigate_attack_order_issued_neutral_1,sounds/trader_antifighter_frigate_attack_order_issued_neutral_1.sound,exact_stem
entities/trader_antifighter_frigate.unit_skin,/skin_stages/0/sounds/dialogue/attack_order_issued/neutral/2,trader_antifighter_frigate_attack_order_issued_neutral_2,sounds/trader_antifighter_frigate_attack_order_issued_neutral_2.sound,exact_stem
entities/trader_antifighter_frigate.unit_skin,/skin_stages/0/sounds/dialogue/attack_order_issued/neutral/3,trader_antifighter_frigate_attack_order_issued_neutral_3_placeholder,sounds/trader_antifighter_frigate_attack_order_issued_neutral_3_placeholder.sound,exact_stem
entities/trader_antifighter_frigate.unit_skin,/skin_stages/0/sounds/dialogue/attack_order_issued/scared/0,trader_antifighter_frigate_attack_order_issued_scared_0_placeholder,sounds/trader_antifighter_frigate_attack_order_issued_scared_0_placeholder.sound,exact_stem
entities/trader_antifighter_frigate.unit_skin,/skin_stages/0/sounds/dialogue/attack_order_issued/scared/1,trader_antifighter_frigate_attack_order_issued_scared_1_placeholder,sounds/trader_antifighter_frigate_attack_order_issued_scared_1_placeholder.sound,exact_stem
entities/trader_antifighter_frigate.unit_skin,/skin_stages/0/sounds/dialogue/attack_order_issued/scared/2,trader_antifighter_frigate_attack_order_issued_scared_2_placeholder,sounds/trader_antifighter_frigate_attack_order_issued_scared_2_placeholder.sound,exact_stem
entities/trader_antifighter_frigate.unit_skin,/skin_stages/0/sounds/dialogue/attack_order_issued/scared/3,trader_antifighter_frigate_attack_order_issued_scared_3_placeholder,sounds/trader_antifighter_frigate_attack_order_issued_scared_3_placeholder.sound,exact_stem
entities/trader_antifighter_frigate.unit_skin,/skin_stages/0/sounds/dialogue/attack_order_issued/smug/0,trader_antifighter_frigate_attack_order_issued_smug_0_placeholder,sounds/trader_antifighter_frigate_attack_order_issued_smug_0_placeholder.sound,exact_stem
entities/trader_antifighter_frigate.unit_skin,/skin_stages/0/sounds/dialogue/attack_order_issued/smug/1,trader_antifighter_frigate_attack_order_issued_smug_1_placeholder,sounds/trader_antifighter_frigate_attack_order_issued_smug_1_placeholder.sound,exact_stem
entities/trader_antifighter_frigate.unit_skin,/skin_stages/0/sounds/dialogue/attack_order_issued/smug/2,trader_antifighter_frigate_attack_order_issued_smug_2_placeholder,sounds/trader_antifighter_frigate_attack_order_issued_smug_2_placeholder.sound,exact_stem
entities/trader_antifighter_frigate.unit_skin,/skin_stages/0/sounds/dialogue/attack_order_issued/smug/3,trader_antifighter_frigate_attack_order_issued_smug_3_placeholder,sounds/trader_antifighter_frigate_attack_order_issued_smug_3_placeholder.sound,exact_stem
entities/trader_antifighter_frigate.unit_skin,/skin_stages/0/sounds/dialogue/hyperspace_charge_started/neutral/0,trader_antifighter_frigate_hyperspace_charge_started_neutral_0,sounds/trader_antifighter_frigate_hyperspace_charge_started_neutral_0.sound,exact_stem
entities/trader_antifighter_frigate.unit_skin,/skin_stages/0/sounds/dialogue/order_issued/neutral/0,trader_antifighter_frigate_order_issued_neutral_0,sounds/trader_antifighter_frigate_order_issued_neutral_0.sound,exact_stem
entities/trader_antifighter_frigate.unit_skin,/skin_stages/0/sounds/dialogue/order_issued/neutral/1,trader_antifighter_frigate_order_issued_neutral_1,sounds/trader_antifighter_frigate_order_issued_neutral_1.sound,exact_stem
entities/trader_antifighter_frigate.unit_skin,/skin_stages/0/sounds/dialogue/order_issued/neutral/2,trader_antifighter_frigate_order_issued_neutral_2,sounds/trader_antifighter_frigate_order_issued_neutral_2.sound,exact_stem
entities/trader_antifighter_frigate.unit_skin,/skin_stages/0/sounds/dialogue/order_issued/scared/0,trader_antifighter_frigate_order_issued_scared_0_placeholder,sounds/trader_antifighter_frigate_order_issued_scared_0_placeholder.sound,exact_stem
entities/trader_antifighter_frigate.unit_skin,/skin_stages/0/sounds/dialogue/order_issued/scared/1,trader_antifighter_frigate_order_issued_scared_1_placeholder,sounds/trader_antifighter_frigate_order_issued_scared_1_placeholder.sound,exact_stem
entities/trader_antifighter_frigate.unit_skin,/skin_stages/0/sounds/dialogue/order_issued/scared/2,trader_antifighter_frigate_order_issued_scared_2_placeholder,sounds/trader_antifighter_frigate_order_issued_scared_2_placeholder.sound,exact_stem
entities/trader_antifighter_frigate.unit_skin,/skin_stages/0/sounds/dialogue/selected/neutral/0,trader_antifighter_frigate_selected_neutral_0,sounds/trader_antifighter_frigate_selected_neutral_0.sound,exact_stem
entities/trader_antifighter_frigate.unit_skin,/skin_stages/0/sounds/dialogue/selected/neutral/1,trader_antifighter_frigate_selected_neutral_1,sounds/trader_antifighter_frigate_selected_neutral_1.sound,exact_stem
entities/trader_antifighter_frigate.unit_skin,/skin_stages/0/sounds/dialogue/selected/neutral/2,trader_antifighter_frigate_selected_neutral_2,sounds/trader_antifighter_frigate_selected_neutral_2.sound,exact_stem
entities/trader_antifighter_frigate.unit_skin,/skin_stages/0/sounds/dialogue/selected/scared/0,trader_antifighter_frigate_selected_scared_0_placeholder,sounds/trader_antifighter_frigate_selected_scared_0_placeholder.sound,exact_stem
entities/trader_antifighter_frigate.unit_skin,/skin_stages/0/sounds/dialogue/selected/scared/1,trader_antifighter_frigate_selected_scared_1_placeholder,sounds/trader_antifighter_frigate_selected_scared_1_placeholder.sound,exact_stem
entities/trader_antifighter_frigate.unit_skin,/skin_stages/0/sounds/dialogue/selected/scared/2,trader_antifighter_frigate_selected_scared_2_placeholder,sounds/trader_antifighter_frigate_selected_scared_2_placeholder.sound,exact_stem
entities/trader_antifighter_frigate.unit_skin,/skin_stages/0/sounds/dialogue/spawned/neutral/0,trader_antifighter_frigate_spawned_neutral_0,sounds/trader_antifighter_frigate_spawned_neutral_0.sound,exact_stem
entities/trader_antifighter_frigate.unit_skin,/skin_stages/0/sounds/move_sounds/engine,engine_techfrigateship,sounds/ENGINE_TECHFRIGATESHIP.sound,casefold_stem
entities/trader_antifighter_frigate.unit_skin,/skin_stages/0/sounds/move_sounds/hyperspace_travel,hyperspace_travel,sounds/HYPERSPACE_TRAVEL.sound,casefold_stem
entities/trader_antifighter_frigate.unit_skin,/skin_stages/0/unit_mesh/mesh,trader_antifighter_frigate,meshes/trader_antifighter_frigate.mesh,exact_stem
entities/trader_antifighter_frigate_light_autocannon.weapon,/effects/hit_hull_effect,trader_antifighter_frigate_light_autocannon_weapon_hit_hull,entities/trader_antifighter_frigate.unit_skin#/skin_stages/0/effects/effect_alias_bindings/0,skin_local_alias
entities/trader_antifighter_frigate_light_autocannon.weapon,/effects/hit_shield_effect,trader_antifighter_frigate_light_autocannon_weapon_hit_shield,entities/trader_antifighter_frigate.unit_skin#/skin_stages/0/effects/effect_alias_bindings/1,skin_local_alias
entities/trader_antifighter_frigate_light_autocannon.weapon,/effects/muzzle_effect,trader_antifighter_frigate_light_autocannon_weapon_muzzle,entities/trader_antifighter_frigate.unit_skin#/skin_stages/0/effects/effect_alias_bindings/2,skin_local_alias
entities/trader_antifighter_frigate_light_autocannon.weapon,/effects/projectile_travel_effect,trader_antifighter_frigate_light_autocannon_weapon_projectile_travel,entities/trader_antifighter_frigate.unit_skin#/skin_stages/0/effects/effect_alias_bindings/3,skin_local_alias
entities/trader_antifighter_frigate_light_autocannon.weapon,/name,weapon_name.light_autocannon,localized_text/en.localized_text#/weapon_name.light_autocannon,localization
entities/trader_antifighter_frigate_point_defense_autocannon.weapon,/effects/hit_hull_effect,trader_antifighter_frigate_point_defense_autocannon_weapon_hit_hull,entities/trader_antifighter_frigate.unit_skin#/skin_stages/0/effects/effect_alias_bindings/4,skin_local_alias
entities/trader_antifighter_frigate_point_defense_autocannon.weapon,/effects/hit_shield_effect,trader_antifighter_frigate_point_defense_autocannon_weapon_hit_shield,entities/trader_antifighter_frigate.unit_skin#/skin_stages/0/effects/effect_alias_bindings/5,skin_local_alias
entities/trader_antifighter_frigate_point_defense_autocannon.weapon,/effects/muzzle_effect,trader_antifighter_frigate_point_defense_autocannon_weapon_muzzle,entities/trader_antifighter_frigate.unit_skin#/skin_stages/0/effects/effect_alias_bindings/6,skin_local_alias
entities/trader_antifighter_frigate_point_defense_autocannon.weapon,/effects/projectile_travel_effect,trader_antifighter_frigate_point_defense_autocannon_weapon_projectile_travel,entities/trader_antifighter_frigate.unit_skin#/skin_stages/0/effects/effect_alias_bindings/7,skin_local_alias
entities/trader_antifighter_frigate_point_defense_autocannon.weapon,/name,weapon_name.point_defense_autocannon,localized_text/en.localized_text#/weapon_name.point_defense_autocannon,localization
entities/trader_light_frigate.unit,/ai/attack_target_type_groups_matching_weapon,trader_light_frigate_medium_autocannon,entities/trader_light_frigate_medium_autocannon.weapon,exact_stem
entities/trader_light_frigate.unit,/skin_groups/0/skins/0,trader_light_frigate,entities/trader_light_frigate.unit_skin,exact_stem
entities/trader_light_frigate.unit,/weapons/weapons/0/weapon,trader_light_frigate_medium_autocannon,entities/trader_light_frigate_medium_autocannon.weapon,exact_stem
entities/trader_light_frigate.unit_skin,/skin_stages/0/death_sequence_group,frigate0,death_sequences/frigate0.death_sequence_group,exact_stem
entities/trader_light_frigate.unit_skin,/skin_stages/0/effects/damage_effects/damage_effects/0/particle_effect,tec_damage_embers,effects/tec_damage_embers.particle_effect,exact_stem
entities/trader_light_frigate.unit_skin,/skin_stages/0/effects/damage_effects/damage_effects/1/particle_effect,damage_smoke_1,effects/damage_smoke_1.particle_effect,exact_stem
entities/trader_light_frigate.unit_skin,/skin_stages/0/effects/damage_effects/damage_effects/2/particle_effect,tec_damage_plasma_sparks,effects/tec_damage_plasma_sparks.particle_effect,exact_stem
entities/trader_light_frigate.unit_skin,/skin_stages/0/effects/damage_effects/damage_effects/3/particle_effect,damage_electricity_2,effects/damage_electricity_2.particle_effect,exact_stem
entities/trader_light_frigate.unit_skin,/skin_stages/0/effects/damage_effects/damage_effects/4/particle_effect,damage_air_decompression,effects/damage_air_decompression.particle_effect,exact_stem
entities/trader_light_frigate.unit_skin,/skin_stages/0/effects/effect_alias_bindings/0/alias_binding/particle_effect,medium_autocannon_impact,effects/medium_autocannon_impact.particle_effect,exact_stem
entities/trader_light_frigate.unit_skin,/skin_stages/0/effects/effect_alias_bindings/0/alias_binding/sounds/0,weapon_impact_physical_medium_hithull,sounds/weapon_impact_physical_medium_hithull.sound,exact_stem
entities/trader_light_frigate.unit_skin,/skin_stages/0/effects/effect_alias_bindings/0/alias_binding/sounds/1,weapon_impact_physical_medium_hithull_01,sounds/weapon_impact_physical_medium_hithull_01.sound,exact_stem
entities/trader_light_frigate.unit_skin,/skin_stages/0/effects/effect_alias_bindings/0/alias_binding/sounds/2,weapon_impact_physical_medium_hithull_02,sounds/weapon_impact_physical_medium_hithull_02.sound,exact_stem
entities/trader_light_frigate.unit_skin,/skin_stages/0/effects/effect_alias_bindings/0/alias_binding/sounds/3,weapon_impact_physical_medium_hithull_03,sounds/weapon_impact_physical_medium_hithull_03.sound,exact_stem
entities/trader_light_frigate.unit_skin,/skin_stages/0/effects/effect_alias_bindings/0/alias_binding/sounds/4,weapon_impact_physical_medium_hithull_04,sounds/weapon_impact_physical_medium_hithull_04.sound,exact_stem
entities/trader_light_frigate.unit_skin,/skin_stages/0/effects/effect_alias_bindings/1/alias_binding/particle_effect,medium_autocannon_impact,effects/medium_autocannon_impact.particle_effect,exact_stem
entities/trader_light_frigate.unit_skin,/skin_stages/0/effects/effect_alias_bindings/1/alias_binding/sounds/0,weapon_impact_generic_medium_hitshields,sounds/weapon_impact_generic_medium_hitshields.sound,exact_stem
entities/trader_light_frigate.unit_skin,/skin_stages/0/effects/effect_alias_bindings/1/alias_binding/sounds/1,weapon_impact_generic_medium_hitshields_01,sounds/weapon_impact_generic_medium_hitshields_01.sound,exact_stem
entities/trader_light_frigate.unit_skin,/skin_stages/0/effects/effect_alias_bindings/1/alias_binding/sounds/2,weapon_impact_generic_medium_hitshields_02,sounds/weapon_impact_generic_medium_hitshields_02.sound,exact_stem
entities/trader_light_frigate.unit_skin,/skin_stages/0/effects/effect_alias_bindings/1/alias_binding/sounds/3,weapon_impact_generic_medium_hitshields_03,sounds/weapon_impact_generic_medium_hitshields_03.sound,exact_stem
entities/trader_light_frigate.unit_skin,/skin_stages/0/effects/effect_alias_bindings/2/alias_binding/particle_effect,trader_medium_autocannon_weapon_muzzle,effects/trader_medium_autocannon_weapon_muzzle.particle_effect,exact_stem
entities/trader_light_frigate.unit_skin,/skin_stages/0/effects/effect_alias_bindings/2/alias_binding/sounds/0,weapon_muzzle_tech_medium_autocannon,sounds/weapon_muzzle_tech_medium_autocannon.sound,exact_stem
entities/trader_light_frigate.unit_skin,/skin_stages/0/effects/effect_alias_bindings/2/alias_binding/sounds/1,weapon_muzzle_tech_medium_autocannon_01,sounds/weapon_muzzle_tech_medium_autocannon_01.sound,exact_stem
entities/trader_light_frigate.unit_skin,/skin_stages/0/effects/effect_alias_bindings/2/alias_binding/sounds/2,weapon_muzzle_tech_medium_autocannon_02,sounds/weapon_muzzle_tech_medium_autocannon_02.sound,exact_stem
entities/trader_light_frigate.unit_skin,/skin_stages/0/effects/effect_alias_bindings/2/alias_binding/sounds/3,weapon_muzzle_tech_medium_autocannon_03,sounds/weapon_muzzle_tech_medium_autocannon_03.sound,exact_stem
entities/trader_light_frigate.unit_skin,/skin_stages/0/effects/effect_alias_bindings/2/alias_binding/sounds/4,weapon_muzzle_tech_medium_autocannon_04,sounds/weapon_muzzle_tech_medium_autocannon_04.sound,exact_stem
entities/trader_light_frigate.unit_skin,/skin_stages/0/effects/effect_alias_bindings/3/alias_binding/particle_effect,trader_medium_autocannon_weapon_projectile_travel,effects/trader_medium_autocannon_weapon_projectile_travel.particle_effect,exact_stem
entities/trader_light_frigate.unit_skin,/skin_stages/0/effects/exhaust_effects/particle_effects/0/particle_effect,exhaust_tech_medium_01,effects/exhaust_tech_medium_01.particle_effect,exact_stem
entities/trader_light_frigate.unit_skin,/skin_stages/0/effects/flair_effects/0/particle_effect,tec_damage_frigate,effects/tec_damage_frigate.particle_effect,exact_stem
entities/trader_light_frigate.unit_skin,/skin_stages/0/effects/hyperspace_effects/charge_effect,hyperspace_tech_frigate_chargeup,effects/Hyperspace_Tech_Frigate_ChargeUp.particle_effect,casefold_stem
entities/trader_light_frigate.unit_skin,/skin_stages/0/effects/hyperspace_effects/charge_effect_between_stars,hyperspace_tech_frigate_chargeup_interstellar,effects/Hyperspace_Tech_Frigate_ChargeUp_Interstellar.particle_effect,casefold_stem
entities/trader_light_frigate.unit_skin,/skin_stages/0/effects/hyperspace_effects/charge_effect_destabilized,hyperspace_tech_frigate_chargeup_unstable,effects/Hyperspace_Tech_Frigate_ChargeUp_Unstable.particle_effect,casefold_stem
entities/trader_light_frigate.unit_skin,/skin_stages/0/effects/hyperspace_effects/charge_sound,hyperspace_chargeup,sounds/HYPERSPACE_CHARGEUP.sound,casefold_stem
entities/trader_light_frigate.unit_skin,/skin_stages/0/effects/hyperspace_effects/enter_sound,hyperspace_entry,sounds/hyperspace_entry.sound,exact_stem
entities/trader_light_frigate.unit_skin,/skin_stages/0/effects/hyperspace_effects/exit_effect,hyperspace_tech_frigate_exit,effects/Hyperspace_Tech_Frigate_Exit.particle_effect,casefold_stem
entities/trader_light_frigate.unit_skin,/skin_stages/0/effects/hyperspace_effects/exit_sound,hyperspace_exit,sounds/HYPERSPACE_EXIT.sound,casefold_stem
entities/trader_light_frigate.unit_skin,/skin_stages/0/effects/hyperspace_effects/travel_effect,hyperspace_tech_frigate_travel,effects/Hyperspace_Tech_Frigate_Travel.particle_effect,casefold_stem
entities/trader_light_frigate.unit_skin,/skin_stages/0/effects/hyperspace_effects/travel_effect_between_stars,hyperspace_tech_frigate_travel_interstellar,effects/Hyperspace_Tech_Frigate_Travel_Interstellar.particle_effect,casefold_stem
entities/trader_light_frigate.unit_skin,/skin_stages/0/effects/hyperspace_effects/travel_effect_destabilized,hyperspace_tech_frigate_travel_unstable,effects/Hyperspace_Tech_Frigate_Travel_Unstable.particle_effect,casefold_stem
entities/trader_light_frigate.unit_skin,/skin_stages/0/effects/shield_effect,trader_light_frigate,effects/trader_light_frigate.shield_effect,exact_stem
entities/trader_light_frigate.unit_skin,/skin_stages/0/gui/description,trader_light_frigate_description,localized_text/en.localized_text#/trader_light_frigate_description,localization
entities/trader_light_frigate.unit_skin,/skin_stages/0/gui/hud_icon,trader_light_frigate_hud_icon,textures/trader_light_frigate_hud_icon.png,exact_stem
entities/trader_light_frigate.unit_skin,/skin_stages/0/gui/hud_monochrome_icon,trader_light_frigate_main_view_icon,textures/trader_light_frigate_main_view_icon.png,exact_stem
entities/trader_light_frigate.unit_skin,/skin_stages/0/gui/hud_picture,trader_light_frigate_hud_picture,textures/trader_light_frigate_hud_picture.png,exact_stem
entities/trader_light_frigate.unit_skin,/skin_stages/0/gui/name,trader_light_frigate_name,localized_text/en.localized_text#/trader_light_frigate_name,localization
entities/trader_light_frigate.unit_skin,/skin_stages/0/gui/special_operation_names/0/name,trader_light_frigate_name.garrison,localized_text/en.localized_text#/trader_light_frigate_name.garrison,localization
entities/trader_light_frigate.unit_skin,/skin_stages/0/gui/tooltip_picture,trader_light_frigate_tooltip_picture,textures/trader_light_frigate_tooltip_picture.png,exact_stem
entities/trader_light_frigate.unit_skin,/skin_stages/0/main_view_icon/icon,trader_light_frigate_main_view_icon,textures/trader_light_frigate_main_view_icon.png,exact_stem
entities/trader_light_frigate.unit_skin,/skin_stages/0/main_view_icon/selected_icon,trader_light_frigate_main_view_icon_selected,textures/trader_light_frigate_main_view_icon_selected.png,exact_stem
entities/trader_light_frigate.unit_skin,/skin_stages/0/main_view_icon/sub_selected_icon,trader_light_frigate_main_view_icon_sub_selected,textures/trader_light_frigate_main_view_icon_sub_selected.png,exact_stem
entities/trader_light_frigate.unit_skin,/skin_stages/0/sounds/dialogue/attack_order_issued/neutral/0,trader_light_frigate_attack_order_issued_neutral_0,sounds/trader_light_frigate_attack_order_issued_neutral_0.sound,exact_stem
entities/trader_light_frigate.unit_skin,/skin_stages/0/sounds/dialogue/attack_order_issued/neutral/1,trader_light_frigate_attack_order_issued_neutral_1,sounds/trader_light_frigate_attack_order_issued_neutral_1.sound,exact_stem
entities/trader_light_frigate.unit_skin,/skin_stages/0/sounds/dialogue/attack_order_issued/neutral/2,trader_light_frigate_attack_order_issued_neutral_2,sounds/trader_light_frigate_attack_order_issued_neutral_2.sound,exact_stem
entities/trader_light_frigate.unit_skin,/skin_stages/0/sounds/dialogue/attack_order_issued/neutral/3,trader_light_frigate_attack_order_issued_neutral_3_placeholder,sounds/trader_light_frigate_attack_order_issued_neutral_3_placeholder.sound,exact_stem
entities/trader_light_frigate.unit_skin,/skin_stages/0/sounds/dialogue/attack_order_issued/scared/0,trader_light_frigate_attack_order_issued_scared_0_placeholder,sounds/trader_light_frigate_attack_order_issued_scared_0_placeholder.sound,exact_stem
entities/trader_light_frigate.unit_skin,/skin_stages/0/sounds/dialogue/attack_order_issued/scared/1,trader_light_frigate_attack_order_issued_scared_1_placeholder,sounds/trader_light_frigate_attack_order_issued_scared_1_placeholder.sound,exact_stem
entities/trader_light_frigate.unit_skin,/skin_stages/0/sounds/dialogue/attack_order_issued/scared/2,trader_light_frigate_attack_order_issued_scared_2_placeholder,sounds/trader_light_frigate_attack_order_issued_scared_2_placeholder.sound,exact_stem
entities/trader_light_frigate.unit_skin,/skin_stages/0/sounds/dialogue/attack_order_issued/scared/3,trader_light_frigate_attack_order_issued_scared_3_placeholder,sounds/trader_light_frigate_attack_order_issued_scared_3_placeholder.sound,exact_stem
entities/trader_light_frigate.unit_skin,/skin_stages/0/sounds/dialogue/attack_order_issued/smug/0,trader_light_frigate_attack_order_issued_smug_0_placeholder,sounds/trader_light_frigate_attack_order_issued_smug_0_placeholder.sound,exact_stem
entities/trader_light_frigate.unit_skin,/skin_stages/0/sounds/dialogue/attack_order_issued/smug/1,trader_light_frigate_attack_order_issued_smug_1_placeholder,sounds/trader_light_frigate_attack_order_issued_smug_1_placeholder.sound,exact_stem
entities/trader_light_frigate.unit_skin,/skin_stages/0/sounds/dialogue/attack_order_issued/smug/2,trader_light_frigate_attack_order_issued_smug_2_placeholder,sounds/trader_light_frigate_attack_order_issued_smug_2_placeholder.sound,exact_stem
entities/trader_light_frigate.unit_skin,/skin_stages/0/sounds/dialogue/attack_order_issued/smug/3,trader_light_frigate_attack_order_issued_smug_3_placeholder,sounds/trader_light_frigate_attack_order_issued_smug_3_placeholder.sound,exact_stem
entities/trader_light_frigate.unit_skin,/skin_stages/0/sounds/dialogue/hyperspace_charge_started/neutral/0,trader_light_frigate_hyperspace_charge_started_neutral_0,sounds/trader_light_frigate_hyperspace_charge_started_neutral_0.sound,exact_stem
entities/trader_light_frigate.unit_skin,/skin_stages/0/sounds/dialogue/order_issued/neutral/0,trader_light_frigate_order_issued_neutral_0,sounds/trader_light_frigate_order_issued_neutral_0.sound,exact_stem
entities/trader_light_frigate.unit_skin,/skin_stages/0/sounds/dialogue/order_issued/neutral/1,trader_light_frigate_order_issued_neutral_1,sounds/trader_light_frigate_order_issued_neutral_1.sound,exact_stem
entities/trader_light_frigate.unit_skin,/skin_stages/0/sounds/dialogue/order_issued/neutral/2,trader_light_frigate_order_issued_neutral_2,sounds/trader_light_frigate_order_issued_neutral_2.sound,exact_stem
entities/trader_light_frigate.unit_skin,/skin_stages/0/sounds/dialogue/order_issued/scared/0,trader_light_frigate_order_issued_scared_0_placeholder,sounds/trader_light_frigate_order_issued_scared_0_placeholder.sound,exact_stem
entities/trader_light_frigate.unit_skin,/skin_stages/0/sounds/dialogue/order_issued/scared/1,trader_light_frigate_order_issued_scared_1_placeholder,sounds/trader_light_frigate_order_issued_scared_1_placeholder.sound,exact_stem
entities/trader_light_frigate.unit_skin,/skin_stages/0/sounds/dialogue/order_issued/scared/2,trader_light_frigate_order_issued_scared_2_placeholder,sounds/trader_light_frigate_order_issued_scared_2_placeholder.sound,exact_stem
entities/trader_light_frigate.unit_skin,/skin_stages/0/sounds/dialogue/selected/neutral/0,trader_light_frigate_selected_neutral_0,sounds/trader_light_frigate_selected_neutral_0.sound,exact_stem
entities/trader_light_frigate.unit_skin,/skin_stages/0/sounds/dialogue/selected/neutral/1,trader_light_frigate_selected_neutral_1,sounds/trader_light_frigate_selected_neutral_1.sound,exact_stem
entities/trader_light_frigate.unit_skin,/skin_stages/0/sounds/dialogue/selected/neutral/2,trader_light_frigate_selected_neutral_2,sounds/trader_light_frigate_selected_neutral_2.sound,exact_stem
entities/trader_light_frigate.unit_skin,/skin_stages/0/sounds/dialogue/selected/scared/0,trader_light_frigate_selected_scared_0_placeholder,sounds/trader_light_frigate_selected_scared_0_placeholder.sound,exact_stem
entities/trader_light_frigate.unit_skin,/skin_stages/0/sounds/dialogue/selected/scared/1,trader_light_frigate_selected_scared_1_placeholder,sounds/trader_light_frigate_selected_scared_1_placeholder.sound,exact_stem
entities/trader_light_frigate.unit_skin,/skin_stages/0/sounds/dialogue/selected/scared/2,trader_light_frigate_selected_scared_2_placeholder,sounds/trader_light_frigate_selected_scared_2_placeholder.sound,exact_stem
entities/trader_light_frigate.unit_skin,/skin_stages/0/sounds/dialogue/spawned/neutral/0,trader_light_frigate_spawned_neutral_0,sounds/trader_light_frigate_spawned_neutral_0.sound,exact_stem
entities/trader_light_frigate.unit_skin,/skin_stages/0/sounds/move_sounds/engine,engine_techfrigateship,sounds/ENGINE_TECHFRIGATESHIP.sound,casefold_stem
entities/trader_light_frigate.unit_skin,/skin_stages/0/sounds/move_sounds/hyperspace_travel,hyperspace_travel,sounds/HYPERSPACE_TRAVEL.sound,casefold_stem
entities/trader_light_frigate.unit_skin,/skin_stages/0/unit_mesh/mesh,trader_light_frigate,meshes/trader_light_frigate.mesh,exact_stem
entities/trader_light_frigate_medium_autocannon.weapon,/effects/hit_hull_effect,trader_light_frigate_medium_autocannon_weapon_hit_hull,entities/trader_light_frigate.unit_skin#/skin_stages/0/effects/effect_alias_bindings/0,skin_local_alias
entities/trader_light_frigate_medium_autocannon.weapon,/effects/hit_shield_effect,trader_light_frigate_medium_autocannon_weapon_hit_shield,entities/trader_light_frigate.unit_skin#/skin_stages/0/effects/effect_alias_bindings/1,skin_local_alias
entities/trader_light_frigate_medium_autocannon.weapon,/effects/muzzle_effect,trader_light_frigate_medium_autocannon_weapon_muzzle,entities/trader_light_frigate.unit_skin#/skin_stages/0/effects/effect_alias_bindings/2,skin_local_alias
entities/trader_light_frigate_medium_autocannon.weapon,/effects/projectile_travel_effect,trader_light_frigate_medium_autocannon_weapon_projectile_travel,entities/trader_light_frigate.unit_skin#/skin_stages/0/effects/effect_alias_bindings/3,skin_local_alias
entities/trader_light_frigate_medium_autocannon.weapon,/name,weapon_name.medium_autocannon,localized_text/en.localized_text#/weapon_name.medium_autocannon,localization
entities/trader_torpedo_cruiser.unit,/ai/attack_target_type_groups_matching_weapon,trader_torpedo_cruiser_torpedo,entities/trader_torpedo_cruiser_torpedo.weapon,exact_stem
entities/trader_torpedo_cruiser.unit,/skin_groups/0/skins/0,trader_torpedo_cruiser,entities/trader_torpedo_cruiser.unit_skin,exact_stem
entities/trader_torpedo_cruiser.unit,/weapons/weapons/0/weapon,trader_torpedo_cruiser_torpedo,entities/trader_torpedo_cruiser_torpedo.weapon,exact_stem
entities/trader_torpedo_cruiser.unit_skin,/skin_stages/0/death_sequence_group,cruiser0,death_sequences/cruiser0.death_sequence_group,exact_stem
entities/trader_torpedo_cruiser.unit_skin,/skin_stages/0/effects/damage_effects/damage_effects/0/particle_effect,tec_damage_embers,effects/tec_damage_embers.particle_effect,exact_stem
entities/trader_torpedo_cruiser.unit_skin,/skin_stages/0/effects/damage_effects/damage_effects/1/particle_effect,damage_smoke_1,effects/damage_smoke_1.particle_effect,exact_stem
entities/trader_torpedo_cruiser.unit_skin,/skin_stages/0/effects/damage_effects/damage_effects/2/particle_effect,damage_smoke_2,effects/damage_smoke_2.particle_effect,exact_stem
entities/trader_torpedo_cruiser.unit_skin,/skin_stages/0/effects/damage_effects/damage_effects/3/particle_effect,damage_electricity,effects/damage_electricity.particle_effect,exact_stem
entities/trader_torpedo_cruiser.unit_skin,/skin_stages/0/effects/damage_effects/damage_effects/4/particle_effect,damage_electricity_2,effects/damage_electricity_2.particle_effect,exact_stem
entities/trader_torpedo_cruiser.unit_skin,/skin_stages/0/effects/damage_effects/damage_effects/5/particle_effect,damage_air_decompression,effects/damage_air_decompression.particle_effect,exact_stem
entities/trader_torpedo_cruiser.unit_skin,/skin_stages/0/effects/damage_effects/damage_effects/6/particle_effect,damage_fire,effects/damage_fire.particle_effect,exact_stem
entities/trader_torpedo_cruiser.unit_skin,/skin_stages/0/effects/damage_effects/damage_effects/7/particle_effect,damage_fire_pillar,effects/damage_fire_pillar.particle_effect,exact_stem
entities/trader_torpedo_cruiser.unit_skin,/skin_stages/0/effects/effect_alias_bindings/0/alias_binding/particle_effect,placeholder_effect,effects/placeholder_effect.particle_effect,exact_stem
entities/trader_torpedo_cruiser.unit_skin,/skin_stages/0/effects/effect_alias_bindings/0/alias_binding/sounds/0,weapon_impact_tech_neutrontorp,sounds/weapon_impact_tech_neutrontorp.sound,exact_stem
entities/trader_torpedo_cruiser.unit_skin,/skin_stages/0/effects/effect_alias_bindings/1/alias_binding/particle_effect,placeholder_effect,effects/placeholder_effect.particle_effect,exact_stem
entities/trader_torpedo_cruiser.unit_skin,/skin_stages/0/effects/effect_alias_bindings/1/alias_binding/sounds/0,weapon_impact_tech_neutrontorp,sounds/weapon_impact_tech_neutrontorp.sound,exact_stem
entities/trader_torpedo_cruiser.unit_skin,/skin_stages/0/effects/effect_alias_bindings/2/alias_binding/particle_effect,trader_torpedo_cruiser_muzzle,effects/trader_torpedo_cruiser_muzzle.particle_effect,exact_stem
entities/trader_torpedo_cruiser.unit_skin,/skin_stages/0/effects/effect_alias_bindings/2/alias_binding/sounds/0,weapon_muzzle_tech_neutrontorp,sounds/weapon_muzzle_tech_neutrontorp.sound,exact_stem
entities/trader_torpedo_cruiser.unit_skin,/skin_stages/0/effects/exhaust_effects/particle_effects/0/particle_effect,exhaust_tech_large_01,effects/exhaust_tech_large_01.particle_effect,exact_stem
entities/trader_torpedo_cruiser.unit_skin,/skin_stages/0/effects/flair_effects/0/particle_effect,tec_damage_cruiser,effects/tec_damage_cruiser.particle_effect,exact_stem
entities/trader_torpedo_cruiser.unit_skin,/skin_stages/0/effects/hyperspace_effects/charge_effect,hyperspace_tech_frigate_chargeup,effects/Hyperspace_Tech_Frigate_ChargeUp.particle_effect,casefold_stem
entities/trader_torpedo_cruiser.unit_skin,/skin_stages/0/effects/hyperspace_effects/charge_effect_between_stars,hyperspace_tech_frigate_chargeup_interstellar,effects/Hyperspace_Tech_Frigate_ChargeUp_Interstellar.particle_effect,casefold_stem
entities/trader_torpedo_cruiser.unit_skin,/skin_stages/0/effects/hyperspace_effects/charge_effect_destabilized,hyperspace_tech_frigate_chargeup_unstable,effects/Hyperspace_Tech_Frigate_ChargeUp_Unstable.particle_effect,casefold_stem
entities/trader_torpedo_cruiser.unit_skin,/skin_stages/0/effects/hyperspace_effects/charge_sound,hyperspace_chargeup,sounds/HYPERSPACE_CHARGEUP.sound,casefold_stem
entities/trader_torpedo_cruiser.unit_skin,/skin_stages/0/effects/hyperspace_effects/enter_sound,hyperspace_entry,sounds/hyperspace_entry.sound,exact_stem
entities/trader_torpedo_cruiser.unit_skin,/skin_stages/0/effects/hyperspace_effects/exit_effect,hyperspace_tech_frigate_exit,effects/Hyperspace_Tech_Frigate_Exit.particle_effect,casefold_stem
entities/trader_torpedo_cruiser.unit_skin,/skin_stages/0/effects/hyperspace_effects/exit_sound,hyperspace_exit,sounds/HYPERSPACE_EXIT.sound,casefold_stem
entities/trader_torpedo_cruiser.unit_skin,/skin_stages/0/effects/hyperspace_effects/travel_effect,hyperspace_tech_frigate_travel,effects/Hyperspace_Tech_Frigate_Travel.particle_effect,casefold_stem
entities/trader_torpedo_cruiser.unit_skin,/skin_stages/0/effects/hyperspace_effects/travel_effect_between_stars,hyperspace_tech_frigate_travel_interstellar,effects/Hyperspace_Tech_Frigate_Travel_Interstellar.particle_effect,casefold_stem
entities/trader_torpedo_cruiser.unit_skin,/skin_stages/0/effects/hyperspace_effects/travel_effect_destabilized,hyperspace_tech_frigate_travel_unstable,effects/Hyperspace_Tech_Frigate_Travel_Unstable.particle_effect,casefold_stem
entities/trader_torpedo_cruiser.unit_skin,/skin_stages/0/effects/shield_effect,trader_torpedo_cruiser,effects/trader_torpedo_cruiser.shield_effect,exact_stem
entities/trader_torpedo_cruiser.unit_skin,/skin_stages/0/gui/description,trader_torpedo_cruiser_description,localized_text/en.localized_text#/trader_torpedo_cruiser_description,localization
entities/trader_torpedo_cruiser.unit_skin,/skin_stages/0/gui/hud_icon,trader_torpedo_cruiser_hud_icon,textures/trader_torpedo_cruiser_hud_icon.png,exact_stem
entities/trader_torpedo_cruiser.unit_skin,/skin_stages/0/gui/hud_monochrome_icon,trader_torpedo_cruiser_main_view_icon,textures/trader_torpedo_cruiser_main_view_icon.png,exact_stem
entities/trader_torpedo_cruiser.unit_skin,/skin_stages/0/gui/hud_picture,trader_torpedo_cruiser_hud_picture,textures/trader_torpedo_cruiser_hud_picture.png,exact_stem
entities/trader_torpedo_cruiser.unit_skin,/skin_stages/0/gui/name,trader_torpedo_cruiser_name,localized_text/en.localized_text#/trader_torpedo_cruiser_name,localization
entities/trader_torpedo_cruiser.unit_skin,/skin_stages/0/gui/tooltip_picture,trader_torpedo_cruiser_tooltip_picture,textures/trader_torpedo_cruiser_tooltip_picture.png,exact_stem
entities/trader_torpedo_cruiser.unit_skin,/skin_stages/0/main_view_icon/icon,trader_torpedo_cruiser_main_view_icon,textures/trader_torpedo_cruiser_main_view_icon.png,exact_stem
entities/trader_torpedo_cruiser.unit_skin,/skin_stages/0/main_view_icon/selected_icon,trader_torpedo_cruiser_main_view_icon_selected,textures/trader_torpedo_cruiser_main_view_icon_selected.png,exact_stem
entities/trader_torpedo_cruiser.unit_skin,/skin_stages/0/main_view_icon/sub_selected_icon,trader_torpedo_cruiser_main_view_icon_sub_selected,textures/trader_torpedo_cruiser_main_view_icon_sub_selected.png,exact_stem
entities/trader_torpedo_cruiser.unit_skin,/skin_stages/0/sounds/dialogue/attack_order_issued/neutral/0,trader_torpedo_cruiser_attack_order_issued_neutral_0,sounds/trader_torpedo_cruiser_attack_order_issued_neutral_0.sound,exact_stem
entities/trader_torpedo_cruiser.unit_skin,/skin_stages/0/sounds/dialogue/attack_order_issued/neutral/1,trader_torpedo_cruiser_attack_order_issued_neutral_1,sounds/trader_torpedo_cruiser_attack_order_issued_neutral_1.sound,exact_stem
entities/trader_torpedo_cruiser.unit_skin,/skin_stages/0/sounds/dialogue/attack_order_issued/neutral/2,trader_torpedo_cruiser_attack_order_issued_neutral_2,sounds/trader_torpedo_cruiser_attack_order_issued_neutral_2.sound,exact_stem
entities/trader_torpedo_cruiser.unit_skin,/skin_stages/0/sounds/dialogue/attack_order_issued/neutral/3,trader_torpedo_cruiser_attack_order_issued_neutral_3_placeholder,sounds/trader_torpedo_cruiser_attack_order_issued_neutral_3_placeholder.sound,exact_stem
entities/trader_torpedo_cruiser.unit_skin,/skin_stages/0/sounds/dialogue/attack_order_issued/scared/0,trader_torpedo_cruiser_attack_order_issued_scared_0_placeholder,sounds/trader_torpedo_cruiser_attack_order_issued_scared_0_placeholder.sound,exact_stem
entities/trader_torpedo_cruiser.unit_skin,/skin_stages/0/sounds/dialogue/attack_order_issued/scared/1,trader_torpedo_cruiser_attack_order_issued_scared_1_placeholder,sounds/trader_torpedo_cruiser_attack_order_issued_scared_1_placeholder.sound,exact_stem
entities/trader_torpedo_cruiser.unit_skin,/skin_stages/0/sounds/dialogue/attack_order_issued/scared/2,trader_torpedo_cruiser_attack_order_issued_scared_2_placeholder,sounds/trader_torpedo_cruiser_attack_order_issued_scared_2_placeholder.sound,exact_stem
entities/trader_torpedo_cruiser.unit_skin,/skin_stages/0/sounds/dialogue/attack_order_issued/scared/3,trader_torpedo_cruiser_attack_order_issued_scared_3_placeholder,sounds/trader_torpedo_cruiser_attack_order_issued_scared_3_placeholder.sound,exact_stem
entities/trader_torpedo_cruiser.unit_skin,/skin_stages/0/sounds/dialogue/attack_order_issued/smug/0,trader_torpedo_cruiser_attack_order_issued_smug_0_placeholder,sounds/trader_torpedo_cruiser_attack_order_issued_smug_0_placeholder.sound,exact_stem
entities/trader_torpedo_cruiser.unit_skin,/skin_stages/0/sounds/dialogue/attack_order_issued/smug/1,trader_torpedo_cruiser_attack_order_issued_smug_1_placeholder,sounds/trader_torpedo_cruiser_attack_order_issued_smug_1_placeholder.sound,exact_stem
entities/trader_torpedo_cruiser.unit_skin,/skin_stages/0/sounds/dialogue/attack_order_issued/smug/2,trader_torpedo_cruiser_attack_order_issued_smug_2_placeholder,sounds/trader_torpedo_cruiser_attack_order_issued_smug_2_placeholder.sound,exact_stem
entities/trader_torpedo_cruiser.unit_skin,/skin_stages/0/sounds/dialogue/attack_order_issued/smug/3,trader_torpedo_cruiser_attack_order_issued_smug_3_placeholder,sounds/trader_torpedo_cruiser_attack_order_issued_smug_3_placeholder.sound,exact_stem
entities/trader_torpedo_cruiser.unit_skin,/skin_stages/0/sounds/dialogue/hyperspace_charge_started/neutral/0,trader_torpedo_cruiser_hyperspace_charge_started_neutral_0,sounds/trader_torpedo_cruiser_hyperspace_charge_started_neutral_0.sound,exact_stem
entities/trader_torpedo_cruiser.unit_skin,/skin_stages/0/sounds/dialogue/order_issued/neutral/0,trader_torpedo_cruiser_order_issued_neutral_0,sounds/trader_torpedo_cruiser_order_issued_neutral_0.sound,exact_stem
entities/trader_torpedo_cruiser.unit_skin,/skin_stages/0/sounds/dialogue/order_issued/neutral/1,trader_torpedo_cruiser_order_issued_neutral_1,sounds/trader_torpedo_cruiser_order_issued_neutral_1.sound,exact_stem
entities/trader_torpedo_cruiser.unit_skin,/skin_stages/0/sounds/dialogue/order_issued/neutral/2,trader_torpedo_cruiser_order_issued_neutral_2,sounds/trader_torpedo_cruiser_order_issued_neutral_2.sound,exact_stem
entities/trader_torpedo_cruiser.unit_skin,/skin_stages/0/sounds/dialogue/order_issued/scared/0,trader_torpedo_cruiser_order_issued_scared_0_placeholder,sounds/trader_torpedo_cruiser_order_issued_scared_0_placeholder.sound,exact_stem
entities/trader_torpedo_cruiser.unit_skin,/skin_stages/0/sounds/dialogue/order_issued/scared/1,trader_torpedo_cruiser_order_issued_scared_1_placeholder,sounds/trader_torpedo_cruiser_order_issued_scared_1_placeholder.sound,exact_stem
entities/trader_torpedo_cruiser.unit_skin,/skin_stages/0/sounds/dialogue/order_issued/scared/2,trader_torpedo_cruiser_order_issued_scared_2_placeholder,sounds/trader_torpedo_cruiser_order_issued_scared_2_placeholder.sound,exact_stem
entities/trader_torpedo_cruiser.unit_skin,/skin_stages/0/sounds/dialogue/selected/neutral/0,trader_torpedo_cruiser_selected_neutral_0,sounds/trader_torpedo_cruiser_selected_neutral_0.sound,exact_stem
entities/trader_torpedo_cruiser.unit_skin,/skin_stages/0/sounds/dialogue/selected/neutral/1,trader_torpedo_cruiser_selected_neutral_1,sounds/trader_torpedo_cruiser_selected_neutral_1.sound,exact_stem
entities/trader_torpedo_cruiser.unit_skin,/skin_stages/0/sounds/dialogue/selected/neutral/2,trader_torpedo_cruiser_selected_neutral_2,sounds/trader_torpedo_cruiser_selected_neutral_2.sound,exact_stem
entities/trader_torpedo_cruiser.unit_skin,/skin_stages/0/sounds/dialogue/selected/scared/0,trader_torpedo_cruiser_selected_scared_0_placeholder,sounds/trader_torpedo_cruiser_selected_scared_0_placeholder.sound,exact_stem
entities/trader_torpedo_cruiser.unit_skin,/skin_stages/0/sounds/dialogue/selected/scared/1,trader_torpedo_cruiser_selected_scared_1_placeholder,sounds/trader_torpedo_cruiser_selected_scared_1_placeholder.sound,exact_stem
entities/trader_torpedo_cruiser.unit_skin,/skin_stages/0/sounds/dialogue/selected/scared/2,trader_torpedo_cruiser_selected_scared_2_placeholder,sounds/trader_torpedo_cruiser_selected_scared_2_placeholder.sound,exact_stem
entities/trader_torpedo_cruiser.unit_skin,/skin_stages/0/sounds/dialogue/spawned/neutral/0,trader_torpedo_cruiser_spawned_neutral_0,sounds/trader_torpedo_cruiser_spawned_neutral_0.sound,exact_stem
entities/trader_torpedo_cruiser.unit_skin,/skin_stages/0/sounds/move_sounds/engine,engine_techcruisership,sounds/ENGINE_TECHCRUISERSHIP.sound,casefold_stem
entities/trader_torpedo_cruiser.unit_skin,/skin_stages/0/sounds/move_sounds/hyperspace_travel,hyperspace_travel,sounds/HYPERSPACE_TRAVEL.sound,casefold_stem
entities/trader_torpedo_cruiser.unit_skin,/skin_stages/0/unit_mesh/mesh,trader_torpedo_cruiser,meshes/trader_torpedo_cruiser.mesh,exact_stem
entities/trader_torpedo_cruiser_torpedo.unit,/skin_groups/0/skins/0,trader_torpedo_cruiser_torpedo,entities/trader_torpedo_cruiser_torpedo.unit_skin,exact_stem
entities/trader_torpedo_cruiser_torpedo.unit_skin,/skin_stages/0/death_sequence_group,torpedo0,death_sequences/torpedo0.death_sequence_group,exact_stem
entities/trader_torpedo_cruiser_torpedo.unit_skin,/skin_stages/0/effects/exhaust_effects/particle_effects/0/particle_effect,torpedo_cruiser_exhaust,effects/torpedo_cruiser_exhaust.particle_effect,exact_stem
entities/trader_torpedo_cruiser_torpedo.unit_skin,/skin_stages/0/gui/description,trader_torpedo_cruiser_torpedo_description,localized_text/en.localized_text#/trader_torpedo_cruiser_torpedo_description,localization
entities/trader_torpedo_cruiser_torpedo.unit_skin,/skin_stages/0/gui/hud_icon,trader_torpedo_cruiser_torpedo_hud_icon,textures/trader_torpedo_cruiser_torpedo_hud_icon.png,exact_stem
entities/trader_torpedo_cruiser_torpedo.unit_skin,/skin_stages/0/gui/hud_monochrome_icon,trader_torpedo_cruiser_torpedo_main_view_icon,textures/trader_torpedo_cruiser_torpedo_main_view_icon.png,exact_stem
entities/trader_torpedo_cruiser_torpedo.unit_skin,/skin_stages/0/gui/name,trader_torpedo_cruiser_torpedo_name,localized_text/en.localized_text#/trader_torpedo_cruiser_torpedo_name,localization
entities/trader_torpedo_cruiser_torpedo.unit_skin,/skin_stages/0/main_view_icon/icon,trader_torpedo_cruiser_torpedo_main_view_icon,textures/trader_torpedo_cruiser_torpedo_main_view_icon.png,exact_stem
entities/trader_torpedo_cruiser_torpedo.unit_skin,/skin_stages/0/sounds/move_sounds/engine,ambient_loop_tech_neutrontorp_engine,sounds/ambient_loop_tech_neutrontorp_engine.sound,exact_stem
entities/trader_torpedo_cruiser_torpedo.unit_skin,/skin_stages/0/unit_mesh/mesh,trader_torpedo_cruiser_torpedo,meshes/trader_torpedo_cruiser_torpedo.mesh,exact_stem
entities/trader_torpedo_cruiser_torpedo.weapon,/effects/muzzle_effect,trader_torpedo_cruiser_torpedo_weapon_muzzle,entities/trader_torpedo_cruiser.unit_skin#/skin_stages/0/effects/effect_alias_bindings/2,skin_local_alias
entities/trader_torpedo_cruiser_torpedo.weapon,/firing/torpedo_firing_definition/spawned_unit,trader_torpedo_cruiser_torpedo,entities/trader_torpedo_cruiser_torpedo.unit,exact_stem
entities/trader_torpedo_cruiser_torpedo.weapon,/name,weapon_name.heavy_torpedo,localized_text/en.localized_text#/weapon_name.heavy_torpedo,localization
mesh_materials/trader_antifighter_frigate.mesh_material,/base_color_texture,trader_antifighter_frigate_clr,textures/trader_antifighter_frigate_clr.dds,exact_stem
mesh_materials/trader_antifighter_frigate.mesh_material,/mask_texture,trader_antifighter_frigate_msk,textures/trader_antifighter_frigate_msk.dds,exact_stem
mesh_materials/trader_antifighter_frigate.mesh_material,/normal_texture,trader_antifighter_frigate_nrm,textures/trader_antifighter_frigate_nrm.dds,exact_stem
mesh_materials/trader_antifighter_frigate.mesh_material,/occlusion_roughness_metallic_texture,trader_antifighter_frigate_orm,textures/trader_antifighter_frigate_orm.dds,exact_stem
mesh_materials/trader_asset_turret_large.mesh_material,/base_color_texture,trader_asset_turrets_large_clr,textures/trader_asset_turrets_large_clr.dds,exact_stem
mesh_materials/trader_asset_turret_large.mesh_material,/mask_texture,trader_asset_turrets_large_msk,textures/trader_asset_turrets_large_msk.dds,exact_stem
mesh_materials/trader_asset_turret_large.mesh_material,/normal_texture,trader_asset_turrets_large_nrm,textures/trader_asset_turrets_large_nrm.dds,exact_stem
mesh_materials/trader_asset_turret_large.mesh_material,/occlusion_roughness_metallic_texture,trader_asset_turrets_large_orm,textures/trader_asset_turrets_large_orm.dds,exact_stem
mesh_materials/trader_asset_turret_small.mesh_material,/base_color_texture,trader_asset_turrets_small_clr,textures/trader_asset_turrets_small_clr.dds,exact_stem
mesh_materials/trader_asset_turret_small.mesh_material,/mask_texture,trader_asset_turrets_small_msk,textures/trader_asset_turrets_small_msk.dds,exact_stem
mesh_materials/trader_asset_turret_small.mesh_material,/normal_texture,trader_asset_turrets_small_nrm,textures/trader_asset_turrets_small_nrm.dds,exact_stem
mesh_materials/trader_asset_turret_small.mesh_material,/occlusion_roughness_metallic_texture,trader_asset_turrets_small_orm,textures/trader_asset_turrets_small_orm.dds,exact_stem
mesh_materials/trader_damage.mesh_material,/base_color_texture,trader_damage_0_clr,textures/trader_damage_0_clr.dds,exact_stem
mesh_materials/trader_damage.mesh_material,/mask_texture,trader_damage_0_msk,textures/trader_damage_0_msk.dds,exact_stem
mesh_materials/trader_damage.mesh_material,/occlusion_roughness_metallic_texture,trader_damage_0_orm,textures/trader_damage_0_orm.dds,exact_stem
mesh_materials/trader_light_frigate.mesh_material,/base_color_texture,trader_light_frigate_clr,textures/trader_light_frigate_clr.dds,exact_stem
mesh_materials/trader_light_frigate.mesh_material,/mask_texture,trader_light_frigate_msk,textures/trader_light_frigate_msk.dds,exact_stem
mesh_materials/trader_light_frigate.mesh_material,/normal_texture,trader_light_frigate_nrm,textures/trader_light_frigate_nrm.dds,exact_stem
mesh_materials/trader_light_frigate.mesh_material,/occlusion_roughness_metallic_texture,trader_light_frigate_orm,textures/trader_light_frigate_orm.dds,exact_stem
mesh_materials/trader_torpedo_cruiser.mesh_material,/base_color_texture,trader_torpedo_cruiser_clr,textures/trader_torpedo_cruiser_clr.dds,exact_stem
mesh_materials/trader_torpedo_cruiser.mesh_material,/mask_texture,trader_torpedo_cruiser_msk,textures/trader_torpedo_cruiser_msk.dds,exact_stem
mesh_materials/trader_torpedo_cruiser.mesh_material,/normal_texture,trader_torpedo_cruiser_nrm,textures/trader_torpedo_cruiser_nrm.dds,exact_stem
mesh_materials/trader_torpedo_cruiser.mesh_material,/occlusion_roughness_metallic_texture,trader_torpedo_cruiser_orm,textures/trader_torpedo_cruiser_orm.dds,exact_stem
mesh_materials/trader_torpedo_cruiser_torpedo.mesh_material,/base_color_texture,trader_torpedo_cruiser_clr,textures/trader_torpedo_cruiser_clr.dds,exact_stem
mesh_materials/trader_torpedo_cruiser_torpedo.mesh_material,/mask_texture,trader_torpedo_cruiser_msk,textures/trader_torpedo_cruiser_msk.dds,exact_stem
mesh_materials/trader_torpedo_cruiser_torpedo.mesh_material,/normal_texture,trader_torpedo_cruiser_nrm,textures/trader_torpedo_cruiser_nrm.dds,exact_stem
mesh_materials/trader_torpedo_cruiser_torpedo.mesh_material,/occlusion_roughness_metallic_texture,trader_torpedo_cruiser_orm,textures/trader_torpedo_cruiser_orm.dds,exact_stem
meshes/tec_damage_1.mesh,/materials/0,trader_damage,mesh_materials/trader_damage.mesh_material,exact_stem
meshes/tec_damage_2.mesh,/materials/0,trader_damage,mesh_materials/trader_damage.mesh_material,exact_stem
meshes/tec_damage_3.mesh,/materials/0,trader_damage,mesh_materials/trader_damage.mesh_material,exact_stem
meshes/tec_damage_4.mesh,/materials/0,trader_damage,mesh_materials/trader_damage.mesh_material,exact_stem
meshes/trader_antifighter_frigate.mesh,/materials/0,trader_antifighter_frigate,mesh_materials/trader_antifighter_frigate.mesh_material,exact_stem
meshes/trader_antifighter_frigate.mesh,/materials/1,trader_asset_turret_large,mesh_materials/trader_asset_turret_large.mesh_material,exact_stem
meshes/trader_antifighter_frigate_shield.mesh,/materials/0,trader_antifighter_frigate_shield,mesh_materials/trader_antifighter_frigate_shield.mesh_material,exact_stem
meshes/trader_asset_frigate_pdturret_barrel_0.mesh,/materials/0,trader_asset_turret_small,mesh_materials/trader_asset_turret_small.mesh_material,exact_stem
meshes/trader_asset_frigate_pdturret_mount_0.mesh,/materials/0,trader_asset_turret_small,mesh_materials/trader_asset_turret_small.mesh_material,exact_stem
meshes/trader_asset_frigate_turret_barrel_0.mesh,/materials/0,trader_asset_turret_small,mesh_materials/trader_asset_turret_small.mesh_material,exact_stem
meshes/trader_asset_frigate_turret_mount_0.mesh,/materials/0,trader_asset_turret_small,mesh_materials/trader_asset_turret_small.mesh_material,exact_stem
meshes/trader_damage_0.mesh,/materials/0,trader_damage,mesh_materials/trader_damage.mesh_material,exact_stem
meshes/trader_light_frigate.mesh,/materials/0,trader_light_frigate,mesh_materials/trader_light_frigate.mesh_material,exact_stem
meshes/trader_light_frigate_shield.mesh,/materials/0,trader_light_frigate_shield,mesh_materials/trader_light_frigate_shield.mesh_material,exact_stem
meshes/trader_torpedo_cruiser.mesh,/materials/0,trader_torpedo_cruiser,mesh_materials/trader_torpedo_cruiser.mesh_material,exact_stem
meshes/trader_torpedo_cruiser_shield.mesh,/materials/0,trader_torpedo_cruiser_shield,mesh_materials/trader_torpedo_cruiser_shield.mesh_material,exact_stem
meshes/trader_torpedo_cruiser_torpedo.mesh,/materials/0,trader_torpedo_cruiser_torpedo,mesh_materials/trader_torpedo_cruiser_torpedo.mesh_material,exact_stem
sounds/ENGINE_TECHCRUISERSHIP.sound,(implicit same basename),ENGINE_TECHCRUISERSHIP,sounds/ENGINE_TECHCRUISERSHIP.ogg,sound_audio
sounds/ENGINE_TECHFRIGATESHIP.sound,(implicit same basename),ENGINE_TECHFRIGATESHIP,sounds/ENGINE_TECHFRIGATESHIP.ogg,sound_audio
sounds/EXPLOSION_SUPPORTSHIPDEATH.sound,(implicit same basename),EXPLOSION_SUPPORTSHIPDEATH,sounds/EXPLOSION_SUPPORTSHIPDEATH.ogg,sound_audio
sounds/EXPLOSION_SUPPORTSHIPDEATH_ALT1.sound,(implicit same basename),EXPLOSION_SUPPORTSHIPDEATH_ALT1,sounds/EXPLOSION_SUPPORTSHIPDEATH_ALT1.ogg,sound_audio
sounds/EXPLOSION_SUPPORTSHIPDEATH_ALT2.sound,(implicit same basename),EXPLOSION_SUPPORTSHIPDEATH_ALT2,sounds/EXPLOSION_SUPPORTSHIPDEATH_ALT2.ogg,sound_audio
sounds/HYPERSPACE_CHARGEUP.sound,(implicit same basename),HYPERSPACE_CHARGEUP,sounds/HYPERSPACE_CHARGEUP.ogg,sound_audio
sounds/HYPERSPACE_EXIT.sound,(implicit same basename),HYPERSPACE_EXIT,sounds/HYPERSPACE_EXIT.ogg,sound_audio
sounds/HYPERSPACE_TRAVEL.sound,(implicit same basename),HYPERSPACE_TRAVEL,sounds/HYPERSPACE_TRAVEL.ogg,sound_audio
sounds/RadialExplosion_TechMedium_01.sound,(implicit same basename),RadialExplosion_TechMedium_01,sounds/RadialExplosion_TechMedium_01.ogg,sound_audio
sounds/RadialExplosion_TechMedium_02.sound,(implicit same basename),RadialExplosion_TechMedium_02,sounds/RadialExplosion_TechMedium_02.ogg,sound_audio
sounds/RadialExplosion_TechMedium_03.sound,(implicit same basename),RadialExplosion_TechMedium_03,sounds/RadialExplosion_TechMedium_03.ogg,sound_audio
sounds/ambient_loop_tech_neutrontorp_engine.sound,(implicit same basename),ambient_loop_tech_neutrontorp_engine,sounds/ambient_loop_tech_neutrontorp_engine.ogg,sound_audio
sounds/hyperspace_entry.sound,(implicit same basename),hyperspace_entry,sounds/hyperspace_entry.ogg,sound_audio
sounds/trader_antifighter_frigate_attack_order_issued_neutral_0.sound,(implicit same basename),trader_antifighter_frigate_attack_order_issued_neutral_0,sounds/trader_antifighter_frigate_attack_order_issued_neutral_0.ogg,sound_audio
sounds/trader_antifighter_frigate_attack_order_issued_neutral_1.sound,(implicit same basename),trader_antifighter_frigate_attack_order_issued_neutral_1,sounds/trader_antifighter_frigate_attack_order_issued_neutral_1.ogg,sound_audio
sounds/trader_antifighter_frigate_attack_order_issued_neutral_2.sound,(implicit same basename),trader_antifighter_frigate_attack_order_issued_neutral_2,sounds/trader_antifighter_frigate_attack_order_issued_neutral_2.ogg,sound_audio
sounds/trader_antifighter_frigate_attack_order_issued_neutral_3_placeholder.sound,(implicit same basename),trader_antifighter_frigate_attack_order_issued_neutral_3_placeholder,sounds/trader_antifighter_frigate_attack_order_issued_neutral_3_placeholder.ogg,sound_audio
sounds/trader_antifighter_frigate_attack_order_issued_scared_0_placeholder.sound,(implicit same basename),trader_antifighter_frigate_attack_order_issued_scared_0_placeholder,sounds/trader_antifighter_frigate_attack_order_issued_scared_0_placeholder.ogg,sound_audio
sounds/trader_antifighter_frigate_attack_order_issued_scared_1_placeholder.sound,(implicit same basename),trader_antifighter_frigate_attack_order_issued_scared_1_placeholder,sounds/trader_antifighter_frigate_attack_order_issued_scared_1_placeholder.ogg,sound_audio
sounds/trader_antifighter_frigate_attack_order_issued_scared_2_placeholder.sound,(implicit same basename),trader_antifighter_frigate_attack_order_issued_scared_2_placeholder,sounds/trader_antifighter_frigate_attack_order_issued_scared_2_placeholder.ogg,sound_audio
sounds/trader_antifighter_frigate_attack_order_issued_scared_3_placeholder.sound,(implicit same basename),trader_antifighter_frigate_attack_order_issued_scared_3_placeholder,sounds/trader_antifighter_frigate_attack_order_issued_scared_3_placeholder.ogg,sound_audio
sounds/trader_antifighter_frigate_attack_order_issued_smug_0_placeholder.sound,(implicit same basename),trader_antifighter_frigate_attack_order_issued_smug_0_placeholder,sounds/trader_antifighter_frigate_attack_order_issued_smug_0_placeholder.ogg,sound_audio
sounds/trader_antifighter_frigate_attack_order_issued_smug_1_placeholder.sound,(implicit same basename),trader_antifighter_frigate_attack_order_issued_smug_1_placeholder,sounds/trader_antifighter_frigate_attack_order_issued_smug_1_placeholder.ogg,sound_audio
sounds/trader_antifighter_frigate_attack_order_issued_smug_2_placeholder.sound,(implicit same basename),trader_antifighter_frigate_attack_order_issued_smug_2_placeholder,sounds/trader_antifighter_frigate_attack_order_issued_smug_2_placeholder.ogg,sound_audio
sounds/trader_antifighter_frigate_attack_order_issued_smug_3_placeholder.sound,(implicit same basename),trader_antifighter_frigate_attack_order_issued_smug_3_placeholder,sounds/trader_antifighter_frigate_attack_order_issued_smug_3_placeholder.ogg,sound_audio
sounds/trader_antifighter_frigate_hyperspace_charge_started_neutral_0.sound,(implicit same basename),trader_antifighter_frigate_hyperspace_charge_started_neutral_0,sounds/trader_antifighter_frigate_hyperspace_charge_started_neutral_0.ogg,sound_audio
sounds/trader_antifighter_frigate_order_issued_neutral_0.sound,(implicit same basename),trader_antifighter_frigate_order_issued_neutral_0,sounds/trader_antifighter_frigate_order_issued_neutral_0.ogg,sound_audio
sounds/trader_antifighter_frigate_order_issued_neutral_1.sound,(implicit same basename),trader_antifighter_frigate_order_issued_neutral_1,sounds/trader_antifighter_frigate_order_issued_neutral_1.ogg,sound_audio
sounds/trader_antifighter_frigate_order_issued_neutral_2.sound,(implicit same basename),trader_antifighter_frigate_order_issued_neutral_2,sounds/trader_antifighter_frigate_order_issued_neutral_2.ogg,sound_audio
sounds/trader_antifighter_frigate_order_issued_scared_0_placeholder.sound,(implicit same basename),trader_antifighter_frigate_order_issued_scared_0_placeholder,sounds/trader_antifighter_frigate_order_issued_scared_0_placeholder.ogg,sound_audio
sounds/trader_antifighter_frigate_order_issued_scared_1_placeholder.sound,(implicit same basename),trader_antifighter_frigate_order_issued_scared_1_placeholder,sounds/trader_antifighter_frigate_order_issued_scared_1_placeholder.ogg,sound_audio
sounds/trader_antifighter_frigate_order_issued_scared_2_placeholder.sound,(implicit same basename),trader_antifighter_frigate_order_issued_scared_2_placeholder,sounds/trader_antifighter_frigate_order_issued_scared_2_placeholder.ogg,sound_audio
sounds/trader_antifighter_frigate_selected_neutral_0.sound,(implicit same basename),trader_antifighter_frigate_selected_neutral_0,sounds/trader_antifighter_frigate_selected_neutral_0.ogg,sound_audio
sounds/trader_antifighter_frigate_selected_neutral_1.sound,(implicit same basename),trader_antifighter_frigate_selected_neutral_1,sounds/trader_antifighter_frigate_selected_neutral_1.ogg,sound_audio
sounds/trader_antifighter_frigate_selected_neutral_2.sound,(implicit same basename),trader_antifighter_frigate_selected_neutral_2,sounds/trader_antifighter_frigate_selected_neutral_2.ogg,sound_audio
sounds/trader_antifighter_frigate_selected_scared_0_placeholder.sound,(implicit same basename),trader_antifighter_frigate_selected_scared_0_placeholder,sounds/trader_antifighter_frigate_selected_scared_0_placeholder.ogg,sound_audio
sounds/trader_antifighter_frigate_selected_scared_1_placeholder.sound,(implicit same basename),trader_antifighter_frigate_selected_scared_1_placeholder,sounds/trader_antifighter_frigate_selected_scared_1_placeholder.ogg,sound_audio
sounds/trader_antifighter_frigate_selected_scared_2_placeholder.sound,(implicit same basename),trader_antifighter_frigate_selected_scared_2_placeholder,sounds/trader_antifighter_frigate_selected_scared_2_placeholder.ogg,sound_audio
sounds/trader_antifighter_frigate_spawned_neutral_0.sound,(implicit same basename),trader_antifighter_frigate_spawned_neutral_0,sounds/trader_antifighter_frigate_spawned_neutral_0.ogg,sound_audio
sounds/trader_light_frigate_attack_order_issued_neutral_0.sound,(implicit same basename),trader_light_frigate_attack_order_issued_neutral_0,sounds/trader_light_frigate_attack_order_issued_neutral_0.ogg,sound_audio
sounds/trader_light_frigate_attack_order_issued_neutral_1.sound,(implicit same basename),trader_light_frigate_attack_order_issued_neutral_1,sounds/trader_light_frigate_attack_order_issued_neutral_1.ogg,sound_audio
sounds/trader_light_frigate_attack_order_issued_neutral_2.sound,(implicit same basename),trader_light_frigate_attack_order_issued_neutral_2,sounds/trader_light_frigate_attack_order_issued_neutral_2.ogg,sound_audio
sounds/trader_light_frigate_attack_order_issued_neutral_3_placeholder.sound,(implicit same basename),trader_light_frigate_attack_order_issued_neutral_3_placeholder,sounds/trader_light_frigate_attack_order_issued_neutral_3_placeholder.ogg,sound_audio
sounds/trader_light_frigate_attack_order_issued_scared_0_placeholder.sound,(implicit same basename),trader_light_frigate_attack_order_issued_scared_0_placeholder,sounds/trader_light_frigate_attack_order_issued_scared_0_placeholder.ogg,sound_audio
sounds/trader_light_frigate_attack_order_issued_scared_1_placeholder.sound,(implicit same basename),trader_light_frigate_attack_order_issued_scared_1_placeholder,sounds/trader_light_frigate_attack_order_issued_scared_1_placeholder.ogg,sound_audio
sounds/trader_light_frigate_attack_order_issued_scared_2_placeholder.sound,(implicit same basename),trader_light_frigate_attack_order_issued_scared_2_placeholder,sounds/trader_light_frigate_attack_order_issued_scared_2_placeholder.ogg,sound_audio
sounds/trader_light_frigate_attack_order_issued_scared_3_placeholder.sound,(implicit same basename),trader_light_frigate_attack_order_issued_scared_3_placeholder,sounds/trader_light_frigate_attack_order_issued_scared_3_placeholder.ogg,sound_audio
sounds/trader_light_frigate_attack_order_issued_smug_0_placeholder.sound,(implicit same basename),trader_light_frigate_attack_order_issued_smug_0_placeholder,sounds/trader_light_frigate_attack_order_issued_smug_0_placeholder.ogg,sound_audio
sounds/trader_light_frigate_attack_order_issued_smug_1_placeholder.sound,(implicit same basename),trader_light_frigate_attack_order_issued_smug_1_placeholder,sounds/trader_light_frigate_attack_order_issued_smug_1_placeholder.ogg,sound_audio
sounds/trader_light_frigate_attack_order_issued_smug_2_placeholder.sound,(implicit same basename),trader_light_frigate_attack_order_issued_smug_2_placeholder,sounds/trader_light_frigate_attack_order_issued_smug_2_placeholder.ogg,sound_audio
sounds/trader_light_frigate_attack_order_issued_smug_3_placeholder.sound,(implicit same basename),trader_light_frigate_attack_order_issued_smug_3_placeholder,sounds/trader_light_frigate_attack_order_issued_smug_3_placeholder.ogg,sound_audio
sounds/trader_light_frigate_hyperspace_charge_started_neutral_0.sound,(implicit same basename),trader_light_frigate_hyperspace_charge_started_neutral_0,sounds/trader_light_frigate_hyperspace_charge_started_neutral_0.ogg,sound_audio
sounds/trader_light_frigate_order_issued_neutral_0.sound,(implicit same basename),trader_light_frigate_order_issued_neutral_0,sounds/trader_light_frigate_order_issued_neutral_0.ogg,sound_audio
sounds/trader_light_frigate_order_issued_neutral_1.sound,(implicit same basename),trader_light_frigate_order_issued_neutral_1,sounds/trader_light_frigate_order_issued_neutral_1.ogg,sound_audio
sounds/trader_light_frigate_order_issued_neutral_2.sound,(implicit same basename),trader_light_frigate_order_issued_neutral_2,sounds/trader_light_frigate_order_issued_neutral_2.ogg,sound_audio
sounds/trader_light_frigate_order_issued_scared_0_placeholder.sound,(implicit same basename),trader_light_frigate_order_issued_scared_0_placeholder,sounds/trader_light_frigate_order_issued_scared_0_placeholder.ogg,sound_audio
sounds/trader_light_frigate_order_issued_scared_1_placeholder.sound,(implicit same basename),trader_light_frigate_order_issued_scared_1_placeholder,sounds/trader_light_frigate_order_issued_scared_1_placeholder.ogg,sound_audio
sounds/trader_light_frigate_order_issued_scared_2_placeholder.sound,(implicit same basename),trader_light_frigate_order_issued_scared_2_placeholder,sounds/trader_light_frigate_order_issued_scared_2_placeholder.ogg,sound_audio
sounds/trader_light_frigate_selected_neutral_0.sound,(implicit same basename),trader_light_frigate_selected_neutral_0,sounds/trader_light_frigate_selected_neutral_0.ogg,sound_audio
sounds/trader_light_frigate_selected_neutral_1.sound,(implicit same basename),trader_light_frigate_selected_neutral_1,sounds/trader_light_frigate_selected_neutral_1.ogg,sound_audio
sounds/trader_light_frigate_selected_neutral_2.sound,(implicit same basename),trader_light_frigate_selected_neutral_2,sounds/trader_light_frigate_selected_neutral_2.ogg,sound_audio
sounds/trader_light_frigate_selected_scared_0_placeholder.sound,(implicit same basename),trader_light_frigate_selected_scared_0_placeholder,sounds/trader_light_frigate_selected_scared_0_placeholder.ogg,sound_audio
sounds/trader_light_frigate_selected_scared_1_placeholder.sound,(implicit same basename),trader_light_frigate_selected_scared_1_placeholder,sounds/trader_light_frigate_selected_scared_1_placeholder.ogg,sound_audio
sounds/trader_light_frigate_selected_scared_2_placeholder.sound,(implicit same basename),trader_light_frigate_selected_scared_2_placeholder,sounds/trader_light_frigate_selected_scared_2_placeholder.ogg,sound_audio
sounds/trader_light_frigate_spawned_neutral_0.sound,(implicit same basename),trader_light_frigate_spawned_neutral_0,sounds/trader_light_frigate_spawned_neutral_0.ogg,sound_audio
sounds/trader_torpedo_cruiser_attack_order_issued_neutral_0.sound,(implicit same basename),trader_torpedo_cruiser_attack_order_issued_neutral_0,sounds/trader_torpedo_cruiser_attack_order_issued_neutral_0.ogg,sound_audio
sounds/trader_torpedo_cruiser_attack_order_issued_neutral_1.sound,(implicit same basename),trader_torpedo_cruiser_attack_order_issued_neutral_1,sounds/trader_torpedo_cruiser_attack_order_issued_neutral_1.ogg,sound_audio
sounds/trader_torpedo_cruiser_attack_order_issued_neutral_2.sound,(implicit same basename),trader_torpedo_cruiser_attack_order_issued_neutral_2,sounds/trader_torpedo_cruiser_attack_order_issued_neutral_2.ogg,sound_audio
sounds/trader_torpedo_cruiser_attack_order_issued_neutral_3_placeholder.sound,(implicit same basename),trader_torpedo_cruiser_attack_order_issued_neutral_3_placeholder,sounds/trader_torpedo_cruiser_attack_order_issued_neutral_3_placeholder.ogg,sound_audio
sounds/trader_torpedo_cruiser_attack_order_issued_scared_0_placeholder.sound,(implicit same basename),trader_torpedo_cruiser_attack_order_issued_scared_0_placeholder,sounds/trader_torpedo_cruiser_attack_order_issued_scared_0_placeholder.ogg,sound_audio
sounds/trader_torpedo_cruiser_attack_order_issued_scared_1_placeholder.sound,(implicit same basename),trader_torpedo_cruiser_attack_order_issued_scared_1_placeholder,sounds/trader_torpedo_cruiser_attack_order_issued_scared_1_placeholder.ogg,sound_audio
sounds/trader_torpedo_cruiser_attack_order_issued_scared_2_placeholder.sound,(implicit same basename),trader_torpedo_cruiser_attack_order_issued_scared_2_placeholder,sounds/trader_torpedo_cruiser_attack_order_issued_scared_2_placeholder.ogg,sound_audio
sounds/trader_torpedo_cruiser_attack_order_issued_scared_3_placeholder.sound,(implicit same basename),trader_torpedo_cruiser_attack_order_issued_scared_3_placeholder,sounds/trader_torpedo_cruiser_attack_order_issued_scared_3_placeholder.ogg,sound_audio
sounds/trader_torpedo_cruiser_attack_order_issued_smug_0_placeholder.sound,(implicit same basename),trader_torpedo_cruiser_attack_order_issued_smug_0_placeholder,sounds/trader_torpedo_cruiser_attack_order_issued_smug_0_placeholder.ogg,sound_audio
sounds/trader_torpedo_cruiser_attack_order_issued_smug_1_placeholder.sound,(implicit same basename),trader_torpedo_cruiser_attack_order_issued_smug_1_placeholder,sounds/trader_torpedo_cruiser_attack_order_issued_smug_1_placeholder.ogg,sound_audio
sounds/trader_torpedo_cruiser_attack_order_issued_smug_2_placeholder.sound,(implicit same basename),trader_torpedo_cruiser_attack_order_issued_smug_2_placeholder,sounds/trader_torpedo_cruiser_attack_order_issued_smug_2_placeholder.ogg,sound_audio
sounds/trader_torpedo_cruiser_attack_order_issued_smug_3_placeholder.sound,(implicit same basename),trader_torpedo_cruiser_attack_order_issued_smug_3_placeholder,sounds/trader_torpedo_cruiser_attack_order_issued_smug_3_placeholder.ogg,sound_audio
sounds/trader_torpedo_cruiser_hyperspace_charge_started_neutral_0.sound,(implicit same basename),trader_torpedo_cruiser_hyperspace_charge_started_neutral_0,sounds/trader_torpedo_cruiser_hyperspace_charge_started_neutral_0.ogg,sound_audio
sounds/trader_torpedo_cruiser_order_issued_neutral_0.sound,(implicit same basename),trader_torpedo_cruiser_order_issued_neutral_0,sounds/trader_torpedo_cruiser_order_issued_neutral_0.ogg,sound_audio
sounds/trader_torpedo_cruiser_order_issued_neutral_1.sound,(implicit same basename),trader_torpedo_cruiser_order_issued_neutral_1,sounds/trader_torpedo_cruiser_order_issued_neutral_1.ogg,sound_audio
sounds/trader_torpedo_cruiser_order_issued_neutral_2.sound,(implicit same basename),trader_torpedo_cruiser_order_issued_neutral_2,sounds/trader_torpedo_cruiser_order_issued_neutral_2.ogg,sound_audio
sounds/trader_torpedo_cruiser_order_issued_scared_0_placeholder.sound,(implicit same basename),trader_torpedo_cruiser_order_issued_scared_0_placeholder,sounds/trader_torpedo_cruiser_order_issued_scared_0_placeholder.ogg,sound_audio
sounds/trader_torpedo_cruiser_order_issued_scared_1_placeholder.sound,(implicit same basename),trader_torpedo_cruiser_order_issued_scared_1_placeholder,sounds/trader_torpedo_cruiser_order_issued_scared_1_placeholder.ogg,sound_audio
sounds/trader_torpedo_cruiser_order_issued_scared_2_placeholder.sound,(implicit same basename),trader_torpedo_cruiser_order_issued_scared_2_placeholder,sounds/trader_torpedo_cruiser_order_issued_scared_2_placeholder.ogg,sound_audio
sounds/trader_torpedo_cruiser_selected_neutral_0.sound,(implicit same basename),trader_torpedo_cruiser_selected_neutral_0,sounds/trader_torpedo_cruiser_selected_neutral_0.ogg,sound_audio
sounds/trader_torpedo_cruiser_selected_neutral_1.sound,(implicit same basename),trader_torpedo_cruiser_selected_neutral_1,sounds/trader_torpedo_cruiser_selected_neutral_1.ogg,sound_audio
sounds/trader_torpedo_cruiser_selected_neutral_2.sound,(implicit same basename),trader_torpedo_cruiser_selected_neutral_2,sounds/trader_torpedo_cruiser_selected_neutral_2.ogg,sound_audio
sounds/trader_torpedo_cruiser_selected_scared_0_placeholder.sound,(implicit same basename),trader_torpedo_cruiser_selected_scared_0_placeholder,sounds/trader_torpedo_cruiser_selected_scared_0_placeholder.ogg,sound_audio
sounds/trader_torpedo_cruiser_selected_scared_1_placeholder.sound,(implicit same basename),trader_torpedo_cruiser_selected_scared_1_placeholder,sounds/trader_torpedo_cruiser_selected_scared_1_placeholder.ogg,sound_audio
sounds/trader_torpedo_cruiser_selected_scared_2_placeholder.sound,(implicit same basename),trader_torpedo_cruiser_selected_scared_2_placeholder,sounds/trader_torpedo_cruiser_selected_scared_2_placeholder.ogg,sound_audio
sounds/trader_torpedo_cruiser_spawned_neutral_0.sound,(implicit same basename),trader_torpedo_cruiser_spawned_neutral_0,sounds/trader_torpedo_cruiser_spawned_neutral_0.ogg,sound_audio
sounds/weapon_impact_generic_light_hitshields.sound,(implicit same basename),weapon_impact_generic_light_hitshields,sounds/weapon_impact_generic_light_hitshields.ogg,sound_audio
sounds/weapon_impact_generic_light_hitshields_01.sound,(implicit same basename),weapon_impact_generic_light_hitshields_01,sounds/weapon_impact_generic_light_hitshields_01.ogg,sound_audio
sounds/weapon_impact_generic_light_hitshields_02.sound,(implicit same basename),weapon_impact_generic_light_hitshields_02,sounds/weapon_impact_generic_light_hitshields_02.ogg,sound_audio
sounds/weapon_impact_generic_light_hitshields_03.sound,(implicit same basename),weapon_impact_generic_light_hitshields_03,sounds/weapon_impact_generic_light_hitshields_03.ogg,sound_audio
sounds/weapon_impact_generic_medium_hitshields.sound,(implicit same basename),weapon_impact_generic_medium_hitshields,sounds/weapon_impact_generic_medium_hitshields.ogg,sound_audio
sounds/weapon_impact_generic_medium_hitshields_01.sound,(implicit same basename),weapon_impact_generic_medium_hitshields_01,sounds/weapon_impact_generic_medium_hitshields_01.ogg,sound_audio
sounds/weapon_impact_generic_medium_hitshields_02.sound,(implicit same basename),weapon_impact_generic_medium_hitshields_02,sounds/weapon_impact_generic_medium_hitshields_02.ogg,sound_audio
sounds/weapon_impact_generic_medium_hitshields_03.sound,(implicit same basename),weapon_impact_generic_medium_hitshields_03,sounds/weapon_impact_generic_medium_hitshields_03.ogg,sound_audio
sounds/weapon_impact_generic_pointdefense_hitshields.sound,(implicit same basename),weapon_impact_generic_pointdefense_hitshields,sounds/weapon_impact_generic_pointdefense_hitshields.ogg,sound_audio
sounds/weapon_impact_generic_pointdefense_hitshields_01.sound,(implicit same basename),weapon_impact_generic_pointdefense_hitshields_01,sounds/weapon_impact_generic_pointdefense_hitshields_01.ogg,sound_audio
sounds/weapon_impact_generic_pointdefense_hitshields_02.sound,(implicit same basename),weapon_impact_generic_pointdefense_hitshields_02,sounds/weapon_impact_generic_pointdefense_hitshields_02.ogg,sound_audio
sounds/weapon_impact_generic_pointdefense_hitshields_03.sound,(implicit same basename),weapon_impact_generic_pointdefense_hitshields_03,sounds/weapon_impact_generic_pointdefense_hitshields_03.ogg,sound_audio
sounds/weapon_impact_physical_light_hithull.sound,(implicit same basename),weapon_impact_physical_light_hithull,sounds/weapon_impact_physical_light_hithull.ogg,sound_audio
sounds/weapon_impact_physical_light_hithull_01.sound,(implicit same basename),weapon_impact_physical_light_hithull_01,sounds/weapon_impact_physical_light_hithull_01.ogg,sound_audio
sounds/weapon_impact_physical_light_hithull_02.sound,(implicit same basename),weapon_impact_physical_light_hithull_02,sounds/weapon_impact_physical_light_hithull_02.ogg,sound_audio
sounds/weapon_impact_physical_light_hithull_03.sound,(implicit same basename),weapon_impact_physical_light_hithull_03,sounds/weapon_impact_physical_light_hithull_03.ogg,sound_audio
sounds/weapon_impact_physical_light_hithull_04.sound,(implicit same basename),weapon_impact_physical_light_hithull_04,sounds/weapon_impact_physical_light_hithull_04.ogg,sound_audio
sounds/weapon_impact_physical_medium_hithull.sound,(implicit same basename),weapon_impact_physical_medium_hithull,sounds/weapon_impact_physical_medium_hithull.ogg,sound_audio
sounds/weapon_impact_physical_medium_hithull_01.sound,(implicit same basename),weapon_impact_physical_medium_hithull_01,sounds/weapon_impact_physical_medium_hithull_01.ogg,sound_audio
sounds/weapon_impact_physical_medium_hithull_02.sound,(implicit same basename),weapon_impact_physical_medium_hithull_02,sounds/weapon_impact_physical_medium_hithull_02.ogg,sound_audio
sounds/weapon_impact_physical_medium_hithull_03.sound,(implicit same basename),weapon_impact_physical_medium_hithull_03,sounds/weapon_impact_physical_medium_hithull_03.ogg,sound_audio
sounds/weapon_impact_physical_medium_hithull_04.sound,(implicit same basename),weapon_impact_physical_medium_hithull_04,sounds/weapon_impact_physical_medium_hithull_04.ogg,sound_audio
sounds/weapon_impact_physical_pointdefense_hithull.sound,(implicit same basename),weapon_impact_physical_pointdefense_hithull,sounds/weapon_impact_physical_pointdefense_hithull.ogg,sound_audio
sounds/weapon_impact_physical_pointdefense_hithull_01.sound,(implicit same basename),weapon_impact_physical_pointdefense_hithull_01,sounds/weapon_impact_physical_pointdefense_hithull_01.ogg,sound_audio
sounds/weapon_impact_physical_pointdefense_hithull_02.sound,(implicit same basename),weapon_impact_physical_pointdefense_hithull_02,sounds/weapon_impact_physical_pointdefense_hithull_02.ogg,sound_audio
sounds/weapon_impact_physical_pointdefense_hithull_03.sound,(implicit same basename),weapon_impact_physical_pointdefense_hithull_03,sounds/weapon_impact_physical_pointdefense_hithull_03.ogg,sound_audio
sounds/weapon_impact_tech_neutrontorp.sound,(implicit same basename),weapon_impact_tech_neutrontorp,sounds/weapon_impact_tech_neutrontorp.ogg,sound_audio
sounds/weapon_muzzle_tech_light_autocannon.sound,(implicit same basename),weapon_muzzle_tech_light_autocannon,sounds/weapon_muzzle_tech_light_autocannon.ogg,sound_audio
sounds/weapon_muzzle_tech_light_autocannon_01.sound,(implicit same basename),weapon_muzzle_tech_light_autocannon_01,sounds/weapon_muzzle_tech_light_autocannon_01.ogg,sound_audio
sounds/weapon_muzzle_tech_light_autocannon_02.sound,(implicit same basename),weapon_muzzle_tech_light_autocannon_02,sounds/weapon_muzzle_tech_light_autocannon_02.ogg,sound_audio
sounds/weapon_muzzle_tech_light_autocannon_03.sound,(implicit same basename),weapon_muzzle_tech_light_autocannon_03,sounds/weapon_muzzle_tech_light_autocannon_03.ogg,sound_audio
sounds/weapon_muzzle_tech_medium_autocannon.sound,(implicit same basename),weapon_muzzle_tech_medium_autocannon,sounds/weapon_muzzle_tech_medium_autocannon.ogg,sound_audio
sounds/weapon_muzzle_tech_medium_autocannon_01.sound,(implicit same basename),weapon_muzzle_tech_medium_autocannon_01,sounds/weapon_muzzle_tech_medium_autocannon_01.ogg,sound_audio
sounds/weapon_muzzle_tech_medium_autocannon_02.sound,(implicit same basename),weapon_muzzle_tech_medium_autocannon_02,sounds/weapon_muzzle_tech_medium_autocannon_02.ogg,sound_audio
sounds/weapon_muzzle_tech_medium_autocannon_03.sound,(implicit same basename),weapon_muzzle_tech_medium_autocannon_03,sounds/weapon_muzzle_tech_medium_autocannon_03.ogg,sound_audio
sounds/weapon_muzzle_tech_medium_autocannon_04.sound,(implicit same basename),weapon_muzzle_tech_medium_autocannon_04,sounds/weapon_muzzle_tech_medium_autocannon_04.ogg,sound_audio
sounds/weapon_muzzle_tech_neutrontorp.sound,(implicit same basename),weapon_muzzle_tech_neutrontorp,sounds/weapon_muzzle_tech_neutrontorp.ogg,sound_audio
sounds/weapon_muzzle_tech_pointdefense_autocannon.sound,(implicit same basename),weapon_muzzle_tech_pointdefense_autocannon,sounds/weapon_muzzle_tech_pointdefense_autocannon.ogg,sound_audio
sounds/weapon_muzzle_tech_pointdefense_autocannon_01.sound,(implicit same basename),weapon_muzzle_tech_pointdefense_autocannon_01,sounds/weapon_muzzle_tech_pointdefense_autocannon_01.ogg,sound_audio
sounds/weapon_muzzle_tech_pointdefense_autocannon_02.sound,(implicit same basename),weapon_muzzle_tech_pointdefense_autocannon_02,sounds/weapon_muzzle_tech_pointdefense_autocannon_02.ogg,sound_audio
sounds/weapon_muzzle_tech_pointdefense_autocannon_03.sound,(implicit same basename),weapon_muzzle_tech_pointdefense_autocannon_03,sounds/weapon_muzzle_tech_pointdefense_autocannon_03.ogg,sound_audio
texture_animations/cloud_2x2.texture_animation,/texture,clouds_2x2,textures/clouds_2x2.dds,exact_stem
texture_animations/embers_anim.texture_animation,/texture,t_embers_fb01,textures/T_Embers_FB01.dds,casefold_stem
texture_animations/exhaust_simplelines_01.texture_animation,/texture,t_exhaust_simplelines_fb_01,textures/t_exhaust_simplelines_fb_01.dds,exact_stem
texture_animations/light_autocannon_2x2.texture_animation,/texture,light_autocannon_muzzleflash,textures/light_autocannon_muzzleflash.dds,exact_stem
texture_animations/lightning_01.texture_animation,/texture,t_lightning_fb_01,textures/t_lightning_fb_01.dds,exact_stem
texture_animations/lightning_02.texture_animation,/texture,t_lightning_fb_02,textures/t_lightning_fb_02.dds,exact_stem
texture_animations/lightning_03.texture_animation,/texture,t_lightning_fb_03,textures/t_lightning_fb_03.dds,exact_stem
texture_animations/lightning_04.texture_animation,/texture,t_lightning_fb_04,textures/t_lightning_fb_04.dds,exact_stem
texture_animations/medium_bursts_2x2.texture_animation,/texture,medium_autocannon_bursts,textures/medium_autocannon_bursts.dds,exact_stem
texture_animations/pointdefense_muzzleflash.texture_animation,/texture,t_pointdefense_muzzleflash_fb_02,textures/t_pointdefense_muzzleFlash_fb_02.dds,casefold_stem
texture_animations/raze_cloud_3x3.texture_animation,/texture,raze_clouds_3x3_greyscale,textures/raze_clouds_3x3_greyscale.dds,exact_stem
texture_animations/smoke_alpha_01.texture_animation,/texture,smoke_alpha_01,textures/smoke_alpha_01.dds,exact_stem
texture_animations/trader_normal_shield_impact.texture_animation,/texture,trader_normal_shield_impact_clr,textures/trader_normal_shield_impact_clr.dds,exact_stem
uniforms/attack_target_type.uniforms,/attack_target_types/0/localized_name,unit_attack_target_type.none.name,localized_text/en.localized_text#/unit_attack_target_type.none.name,localization
uniforms/attack_target_type.uniforms,/attack_target_types/1/localized_name,unit_attack_target_type.torpedo.name,localized_text/en.localized_text#/unit_attack_target_type.torpedo.name,localization
uniforms/attack_target_type.uniforms,/attack_target_types/10/localized_name,unit_attack_target_type.starbase.name,localized_text/en.localized_text#/unit_attack_target_type.starbase.name,localization
uniforms/attack_target_type.uniforms,/attack_target_types/11/localized_name,unit_attack_target_type.defense.name,localized_text/en.localized_text#/unit_attack_target_type.defense.name,localization
uniforms/attack_target_type.uniforms,/attack_target_types/12/localized_name,unit_attack_target_type.carrier.name,localized_text/en.localized_text#/unit_attack_target_type.carrier.name,localization
uniforms/attack_target_type.uniforms,/attack_target_types/13/localized_name,unit_attack_target_type.siege.name,localized_text/en.localized_text#/unit_attack_target_type.siege.name,localization
uniforms/attack_target_type.uniforms,/attack_target_types/14/localized_name,unit_attack_target_type.support.name,localized_text/en.localized_text#/unit_attack_target_type.support.name,localization
uniforms/attack_target_type.uniforms,/attack_target_types/15/localized_name,unit_attack_target_type.antiarmor.name,localized_text/en.localized_text#/unit_attack_target_type.antiarmor.name,localization
uniforms/attack_target_type.uniforms,/attack_target_types/16/localized_name,unit_attack_target_type.antistructure.name,localized_text/en.localized_text#/unit_attack_target_type.antistructure.name,localization
uniforms/attack_target_type.uniforms,/attack_target_types/17/localized_name,unit_attack_target_type.supercapital.name,localized_text/en.localized_text#/unit_attack_target_type.supercapital.name,localization
uniforms/attack_target_type.uniforms,/attack_target_types/18/localized_name,unit_attack_target_type.civilian.name,localized_text/en.localized_text#/unit_attack_target_type.civilian.name,localization
uniforms/attack_target_type.uniforms,/attack_target_types/2/localized_name,unit_attack_target_type.strikecraft.name,localized_text/en.localized_text#/unit_attack_target_type.strikecraft.name,localization
uniforms/attack_target_type.uniforms,/attack_target_types/3/localized_name,unit_attack_target_type.corvette.name,localized_text/en.localized_text#/unit_attack_target_type.corvette.name,localization
uniforms/attack_target_type.uniforms,/attack_target_types/4/localized_name,unit_attack_target_type.light.name,localized_text/en.localized_text#/unit_attack_target_type.light.name,localization
uniforms/attack_target_type.uniforms,/attack_target_types/5/localized_name,unit_attack_target_type.flak.name,localized_text/en.localized_text#/unit_attack_target_type.flak.name,localization
uniforms/attack_target_type.uniforms,/attack_target_types/6/localized_name,unit_attack_target_type.heavy.name,localized_text/en.localized_text#/unit_attack_target_type.heavy.name,localization
uniforms/attack_target_type.uniforms,/attack_target_types/7/localized_name,unit_attack_target_type.lrm.name,localized_text/en.localized_text#/unit_attack_target_type.lrm.name,localization
uniforms/attack_target_type.uniforms,/attack_target_types/8/localized_name,unit_attack_target_type.capital.name,localized_text/en.localized_text#/unit_attack_target_type.capital.name,localization
uniforms/attack_target_type.uniforms,/attack_target_types/9/localized_name,unit_attack_target_type.titan.name,localized_text/en.localized_text#/unit_attack_target_type.titan.name,localization
uniforms/weapon.uniforms,/weapon_tags/0/localized_name,weapon_tag_name.energy,localized_text/en.localized_text#/weapon_tag_name.energy,localization
uniforms/weapon.uniforms,/weapon_tags/1/localized_name,weapon_tag_name.physical,localized_text/en.localized_text#/weapon_tag_name.physical,localization
uniforms/weapon.uniforms,/weapon_tags/10/localized_name,weapon_tag_name.gauss,localized_text/en.localized_text#/weapon_tag_name.gauss,localization
uniforms/weapon.uniforms,/weapon_tags/11/localized_name,weapon_tag_name.rail_gun,localized_text/en.localized_text#/weapon_tag_name.rail_gun,localization
uniforms/weapon.uniforms,/weapon_tags/12/localized_name,weapon_tag_name.flak,localized_text/en.localized_text#/weapon_tag_name.flak,localization
uniforms/weapon.uniforms,/weapon_tags/13/localized_name,weapon_tag_name.point_defense,localized_text/en.localized_text#/weapon_tag_name.point_defense,localization
uniforms/weapon.uniforms,/weapon_tags/14/localized_name,weapon_tag_name.phase_cannon,localized_text/en.localized_text#/weapon_tag_name.phase_cannon,localization
uniforms/weapon.uniforms,/weapon_tags/15/localized_name,weapon_tag_name.shock_cannon,localized_text/en.localized_text#/weapon_tag_name.shock_cannon,localization
uniforms/weapon.uniforms,/weapon_tags/16/localized_name,weapon_tag_name.null_cannon,localized_text/en.localized_text#/weapon_tag_name.null_cannon,localization
uniforms/weapon.uniforms,/weapon_tags/17/localized_name,weapon_tag_name.phase_dart,localized_text/en.localized_text#/weapon_tag_name.phase_dart,localization
uniforms/weapon.uniforms,/weapon_tags/18/localized_name,weapon_tag_name.void_missile,localized_text/en.localized_text#/weapon_tag_name.void_missile,localization
uniforms/weapon.uniforms,/weapon_tags/2/localized_name,weapon_tag_name.wave,localized_text/en.localized_text#/weapon_tag_name.wave,localization
uniforms/weapon.uniforms,/weapon_tags/3/localized_name,weapon_tag_name.phasemissile,localized_text/en.localized_text#/weapon_tag_name.phasemissile,localization
uniforms/weapon.uniforms,/weapon_tags/4/localized_name,weapon_tag_name.pulse,localized_text/en.localized_text#/weapon_tag_name.pulse,localization
uniforms/weapon.uniforms,/weapon_tags/5/localized_name,weapon_tag_name.laser,localized_text/en.localized_text#/weapon_tag_name.laser,localization
uniforms/weapon.uniforms,/weapon_tags/6/localized_name,weapon_tag_name.beam,localized_text/en.localized_text#/weapon_tag_name.beam,localization
uniforms/weapon.uniforms,/weapon_tags/7/localized_name,weapon_tag_name.plasma,localized_text/en.localized_text#/weapon_tag_name.plasma,localization
uniforms/weapon.uniforms,/weapon_tags/8/localized_name,weapon_tag_name.autocannon,localized_text/en.localized_text#/weapon_tag_name.autocannon,localization
uniforms/weapon.uniforms,/weapon_tags/9/localized_name,weapon_tag_name.missile,localized_text/en.localized_text#/weapon_tag_name.missile,localization
